Player_batting_id,Player_Id,Name,matches,innings,not_out,runs,high_score,high_score_return,average,ball_faced,strike_rate,hundreds,fifties,zeros,fours,sixes,Season_Id,Team_Id,high_score_description
1,350,"Aamer Azmat",5,3,0,43,33,No,14.33,34,126.47,0,0,0,6,0,7,2,NULL
2,49,"Aamer Yamin",5,5,1,56,20,No,14,39,143.58,0,0,0,2,4,7,6,NULL
3,277,"Abbas Afridi",5,2,0,6,5,No,3,5,120,0,0,0,1,0,7,1,NULL
4,335,"Abdullah Shafique",11,11,0,251,52,No,22.81,196,128.06,0,1,0,26,8,7,2,NULL
5,344,"Abdul Bangalzai",1,1,0,14,14,No,14,13,107.69,0,0,0,0,1,7,5,NULL
6,206,"Ahsan Ali",8,8,1,250,73,No,35.71,180,138.88,0,3,0,32,6,7,5,NULL
7,1,"Amad Butt",2,2,1,10,9,No,10,7,142.85,0,0,0,1,0,7,3,NULL
8,71,"Anwar Ali",4,2,0,6,5,No,3,10,60,0,0,0,0,0,7,1,NULL
9,259,"Arish Ali",1,1,0,0,0,No,0,1,0,0,0,1,0,0,7,3,NULL
10,233,"Arshad Iqbal",1,NULL," ",NULL,NULL,No,NULL,NULL,NULL,NULL,NULL,NULL,NULL,NULL,7,3,NULL
11,345,"Ashir Qureshi",4,1,0,0,0,No,0,1,0,0,0,1,0,0,7,5,NULL
12,313,"Asif Afridi",5,1,0,1,1,No,1,3,33.33,0,0,0,0,0,7,1,NULL
13,85,"Asif Ali",12,11,1,137,28,No,13.7,105,130.47,0,0,0,5,11,7,4,NULL
14,323,"Athar Mahmood",3,1,1,0,0,Yes,NULL,0,NULL,0,0,0,0,0,7,4,NULL
15,14,"Sharjeel Khan",12,11,1,296,85,No,29.6,209,141.62,0,2,1,19,19,7,4,NULL
16,2,"Babar Azam",10,10,1,343,90,Yes,38.11,289,118.68,0,2,0,40,2,7,6,NULL
17,336,"Harry Brook",10,8,3,264,102,Yes,52.8,154,171.42,1,0,0,23,11,7,2,NULL
18,341,"Pat Brown",2,NULL," ",NULL,NULL,No,NULL,NULL,NULL,NULL,NULL,NULL,NULL,NULL,7,3,NULL
19,284,"Joe Clarke",8,8,1,174,52,No,24.85,146,119.17,0,1,1,11,6,7,6,NULL
20,328,"Ian Cockbain",3,3,0,47,31,No,15.66,37,127.02,0,0,0,5,1,7,6,NULL
21,260,"Ben Cutting",9,9,2,197,52,Yes,28.14,120,164.16,0,1,1,13,13,7,3,NULL
22,207,"Danish Aziz",3,3,1,36,30,Yes,18,44,81.81,0,0,1,4,0,7,4,NULL
23,288,"Tim David",11,11,4,278,71,No,39.71,143,194.4,0,2,0,20,21,7,1,NULL
24,153,"Liam Dawson",7,7,1,107,31,No,17.83,85,125.88,0,0,0,14,3,7,4,NULL
25,194,"AB de",5,3,2,9,7,Yes,9,12,75,0,0,0,0,0,7,4,NULL
26,86,"Ben Duckett",4,4,0,60,47,No,15,50,120,0,0,1,8,1,7,5,NULL
27,132,"Faheem Ashraf",10,8,4,121,55,No,30.25,68,177.94,0,1,1,12,8,7,4,NULL
28,107,"Fakhar Zaman",13,13,0,588,106,No,45.23,385,152.72,1,7,1,53,20,7,2,NULL
29,289,"James Faulkner",6,3,2,49,30,Yes,49,27,181.48,0,0,0,3,3,7,5,NULL
30,208,"Fawad Ahmed",1,1,1,0,0,Yes,NULL,0,NULL,0,0,0,0,0,7,2,NULL
31,337,"Dean Foxcroft",1,NULL," ",NULL,NULL,No,NULL,NULL,NULL,NULL,NULL,NULL,NULL,NULL,7,2,NULL
32,109,"Ghulam Mudassar",5,1,0,0,0,No,0,2,0,0,0,1,0,0,7,5,NULL
33,249,"Lewis Gregory",7,7,2,72,27,No,14.4,70,102.85,0,0,0,9,0,7,6,NULL
34,250,"Haider Ali",9,9,2,152,49,No,21.71,131,116.03,0,0,0,15,5,7,3,NULL
35,133,"Alex Hales",9,9,1,355,82,Yes,44.37,241,147.3,0,3,0,43,11,7,4,NULL
36,196,"Haris Rauf",13,4,2,8,7,Yes,4,10,80,0,0,2,0,1,7,2,NULL
37,53,"Hasan Ali",9,4,2,21,12,Yes,10.5,21,100,0,0,0,1,0,7,4,NULL
38,124,"Hassan Khan",2,2,1,20,17,No,20,21,95.23,0,0,0,1,0,7,5,NULL
39,299,"Hazratullah Zazai",7,7,0,170,52,No,24.28,136,125,0,1,1,21,4,7,3,NULL
40,88,"Hussain Talat",9,8,2,177,52,No,29.5,141,125.53,0,2,0,17,3,7,3,NULL
41,20,"Iftikhar Ahmed",10,9,1,138,52,No,17.25,109,126.6,0,1,0,5,7,7,5,NULL
42,352,"Ihsanullah ",2,NULL," ",NULL,NULL,No,NULL,NULL,NULL,NULL,NULL,NULL,NULL,NULL,7,1,NULL
43,21,"Imad Wasim",9,8,1,141,55,No,20.14,99,142.42,0,1,2,13,7,7,6,NULL
44,54,"Imran Khan",3,NULL," ",NULL,NULL,No,NULL,NULL,NULL,NULL,NULL,NULL,NULL,NULL,7,1,NULL
45,265,"Imran Tahir",12,2,0,13,10,No,6.5,16,81.25,0,0,0,2,0,7,1,NULL
46,67,"Chris Jordan",5,5,2,6,5,No,2,7,85.71,0,0,2,1,0,7,6,NULL
47,44,"Umar Akmal",6,6,0,152,58,No,25.33,110,138.18,0,1,0,16,5,7,3,NULL
48,7,"Kamran Ghulam",13,13,1,299,55,Yes,24.91,255,117.25,0,1,1,25,9,7,2,NULL
49,155,"Khalid Usman",2,1,1,19,19,Yes,NULL,11,172.72,0,0,0,2,0,7,3,NULL
50,252,"Khurram Shahzad",2,1,1,0,0,Yes,NULL,2,0,0,0,0,0,0,7,5,NULL
51,119,"Khushdil Shah",12,10,4,153,32,No,25.5,84,182.14,0,0,0,14,10,7,1,NULL
52,303,"Tom Kohler-Cadmore",2,2,0,22,22,No,11,19,115.78,0,0,1,3,1,7,3,NULL
53,329,"Tom Lammonby",3,3,0,4,3,No,1.33,6,66.66,0,0,1,0,0,7,6,NULL
54,184,"Liam Livingstone",4,4,0,39,24,No,9.75,35,111.42,0,0,1,4,2,7,3,NULL
55,253,"Saqib Mahmood",2,2,2,11,11,Yes,NULL,11,100,0,0,0,0,1,7,3,NULL
56,22,"Mir Hamza",4,1,1,1,1,Yes,NULL,2,50,0,0,0,0,0,7,6,NULL
57,59,"Mohammad Hafeez",13,13,2,323,69,No,29.36,251,128.68,0,1,1,27,8,7,2,NULL
58,279,"Mohammad Haris",5,5,0,166,70,No,33.2,89,186.51,0,1,0,19,9,7,3,NULL
59,211,"Mohammad Hasnain",3,1,1,0,0,Yes,NULL,0,NULL,0,0,0,0,0,7,5,NULL
60,218,"Mohammad Ilyas",3,1,0,7,7,No,7,10,70,0,0,0,1,0,7,6,NULL
61,198,"Mohammad Imran",3,1,1,0,0,Yes,NULL,0,NULL,0,0,0,0,0,7,6,NULL
62,10,"Mohammad Irfan",2,1,0,0,0,No,0,1,0,0,0,1,0,0,7,5,NULL
63,76,"Mohammad Nabi",9,9,1,129,47,Yes,16.12,111,116.21,0,0,1,11,3,7,6,NULL
64,77,"Mohammad Nawaz",5,4,2,78,47,No,39,38,205.26,0,0,0,4,7,7,5,NULL
65,312,"Mohammad Rizwan",12,12,4,546,83,Yes,68.25,431,126.68,0,7,1,47,9,7,1,NULL
66,141,"Mohammad Taha",5,2,0,6,6,No,3,11,54.54,0,0,1,0,0,7,6,NULL
67,315,"Mohammad Umar",6,2,0,3,3,No,1.5,10,30,0,0,1,0,0,7,3,NULL
68,270,"Mohammad Wasim",8,4,1,32,12,Yes,10.66,28,114.28,0,0,0,2,2,7,4,NULL
69,326,"Mubasir Khan",7,3,0,36,21,No,12,33,109.09,0,0,0,2,1,7,4,NULL
70,271,"Muhammad Akhlaq",2,2,0,2,2,No,1,8,25,0,0,1,0,0,7,4,NULL
71,172,"Muhammad Musa",2,2,2,32,26,Yes,NULL,26,123.07,0,0,0,3,2,7,4,NULL
72,185,"Colin Munro",3,3,1,165,72,Yes,82.5,117,141.02,0,2,0,8,9,7,4,NULL
73,317,"Blessing Muzarabani",4,1,0,0,0,No,0,2,0,0,0,1,0,0,7,1,NULL
74,212,"Naseem Shah",10,4,1,8,5,Yes,2.66,13,61.53,0,0,1,1,0,7,5,NULL
75,173,"Nasir Nawaz",1,1,0,14,14,No,14,17,82.35,0,0,0,0,0,7,4,NULL
76,281,"Noor Ahmad",4,3,1,21,13,Yes,10.5,13,161.53,0,0,1,2,1,7,5,NULL
77,121,"Samit Patel",5,3,1,58,26,Yes,29,47,123.4,0,0,0,6,1,7,2,NULL
78,282,"Qasim Akram",5,4,1,99,51,Yes,33,64,154.68,0,1,0,9,4,7,6,NULL
79,318,"Rahmanullah Gurbaz",6,6,1,139,46,No,27.8,77,180.51,0,0,0,9,12,7,4,NULL
80,167,"Rashid Khan",9,5,4,55,22,Yes,55,25,220,0,0,1,2,6,7,2,NULL
81,135,"Rohail Nazir",3,3,0,47,21,No,15.66,36,130.55,0,0,0,7,0,7,6,NULL
82,130,"Rilee Rossouw",11,10,3,275,71,No,39.28,164,167.68,0,3,1,25,14,7,1,NULL
83,112,"Jason Roy",6,6,0,303,116,No,50.5,178,170.22,1,2,1,41,10,7,5,NULL
84,12,"Rumman Raees",6,1,0,6,6,No,6,7,85.71,0,0,0,1,0,7,1,NULL
85,234,"Sherfane Rutherford",9,9,2,160,70,Yes,22.85,113,141.59,0,1,1,16,8,7,3,NULL
86,137,"Sahibzada Farhan",5,5,1,51,25,No,12.75,50,102,0,0,1,6,1,7,6,NULL
87,150,"Salman Irshad",8,2,1,3,2,No,3,6,50,0,0,0,0,0,7,3,NULL
88,159,"Sameen Gul",1,NULL," ",NULL,NULL,No,NULL,NULL,NULL,NULL,NULL,NULL,NULL,NULL,7,3,NULL
89,20,"Iftikhar Ahmed",10,7,3,152,50,Yes,38,132,115.15,0,1,0,14,2,7,5,NULL
90,91,"Shadab Khan",9,8,0,268,91,No,33.5,165,162.42,0,2,0,17,18,7,4,NULL
91,151,"Shaheen Shah",13,5,2,44,39,Yes,14.66,28,157.14,0,0,1,3,4,7,2,NULL
92,62,"Shahid Afridi",3,1,0,4,4,No,4,8,50,0,0,0,0,0,7,5,NULL
93,319,"Shahnawaz Dahani",11,2,2,6,6,Yes,NULL,9,66.66,0,0,0,1,0,7,1,NULL
94,224,"Shan Masood",12,12,0,478,88,No,39.83,346,138.15,0,4,0,54,10,7,1,NULL
95,14,"Sharjeel Khan",10,10,0,231,60,No,23.1,177,130.5,0,1,1,21,14,7,6,NULL
96,17,"Shoaib Malik",11,11,2,401,58,No,44.55,292,137.32,0,3,0,31,14,7,3,NULL
97,346,"Will Smeed",6,6,0,240,99,No,40,175,137.14,0,2,0,28,8,7,5,NULL
98,43,"Sohaib Maqsood",7,7,1,139,30,No,23.16,126,110.31,0,0,0,11,6,7,1,NULL
99,152,"Sohail Akhtar",2,2,0,34,19,No,17,28,121.42,0,0,0,2,2,7,2,NULL
100,29,"Sohail Khan",2,NULL," ",NULL,NULL,No,NULL,NULL,NULL,NULL,NULL,NULL,NULL,NULL,7,3,NULL
101,30,"Sohail Tanvir",7,5,1,27,13,No,6.75,32,84.37,0,0,1,1,1,7,5,NULL
102,274,"Paul Stirling",6,6,0,200,58,No,33.33,113,176.99,0,2,0,24,10,7,4,NULL
103,331,"Jordan Thompson",2,1,0,0,0,No,0,1,0,0,0,1,0,0,7,6,NULL
104,161,"Umaid Asif",8,3,2,12,10,No,12,14,85.71,0,0,0,2,0,7,6,NULL
105,44,"Umar Akmal",5,5,0,101,50,No,20.2,58,174.13,0,1,0,5,10,7,5,NULL
106,114,"Usman Qadir",7,4,3,25,12,No,25,15,166.66,0,0,0,1,2,7,3,NULL
107,104,"Usman Shinwari",3,3,2,15,8,Yes,15,19,78.94,0,0,0,0,1,7,6,NULL
108,32,"James Vince",6,6,1,107,49,Yes,21.4,91,117.58,0,0,3,11,2,7,5,NULL
109,66,"Wahab Riaz",10,7,2,7,2,Yes,1.4,17,41.17,0,0,2,0,0,7,3,NULL
110,177,"Waqas Maqsood",8,2,0,1,1,No,0.5,6,16.66,0,0,1,0,0,7,4,NULL
111,143,"David Wiese",13,11,5,168,31,No,28,91,184.61,0,0,1,8,12,7,2,NULL
112,353,"David Willey",8,4,3,28,28,Yes,28,33,84.84,0,0,1,1,1,7,1,NULL
113,347,"Luke Wood",1,NULL," ",NULL,NULL,No,NULL,NULL,NULL,NULL,NULL,NULL,NULL,NULL,7,5,NULL
114,14,"Sharjeel Khan",4,4,0,87,35,No,21.75,57,152.63,0,0,0,11,4,7,3,NULL
115,46,"Zafar Gohar",1,1,0,9,9,No,9,9,100,0,0,0,0,0,7,4,NULL
116,310,"Zahid Mahmood",2,1,1,3,3,Yes,NULL,9,33.33,0,0,0,0,0,7,4,NULL
117,178,"Zahir Khan",2,1,1,0,0,Yes,NULL,1,0,0,0,0,0,0,7,4,NULL
118,340,"Zaman Khan",13,3,3,1,1,Yes,NULL,5,20,0,0,0,0,0,7,2,NULL
119,132,"Faheem Ashraf",2,1,0,7,7,No,7,5,140,0,0,0,1,0,7,2,NULL
120,272,"Zeeshan Zameer",2,NULL," ",NULL,NULL,No,NULL,NULL,NULL,NULL,NULL,NULL,NULL,NULL,7,4,NULL
121,49,"Aamer Yamin",4,1,0,0,0,No,0,2,0,0,0,1,0,0,6,6,NULL
122,277,"Abbas Afridi",4,1,1,27,27,Yes,NULL,18,150,0,0,0,1,3,6,6,NULL
123,258,"Abdul Nasir",1,1,0,0,0,No,0,2,0,0,0,1,0,0,6,5,NULL
124,94,"Abrar Ahmed",2,NULL," ",NULL,NULL,No,NULL,NULL,NULL,NULL,NULL,NULL,NULL,NULL,6,3,NULL
125,190,"Agha Salman",4,3,0,35,21,No,11.66,33,106.06,0,0,0,5,0,6,2,NULL
126,287,"Ahmed Daniyal",10,4,2,10,6,Yes,5,20,50,0,0,1,1,0,6,2,NULL
127,229,"Akif Javed",5,2,2,0,0,Yes,NULL,1,0,0,0,0,0,0,6,4,NULL
128,232,"Ali Khan",3,NULL," ",NULL,NULL,No,NULL,NULL,NULL,NULL,NULL,NULL,NULL,NULL,6,4,NULL
129,264,"Fabian Allen",3,3,1,3,3,No,1.5,6,50,0,0,1,0,0,6,3,NULL
130,1,"Amad Butt",4,3,2,57,27,Yes,57,24,237.5,0,0,0,5,4,6,3,NULL
131,71,"Anwar Ali",1,1,1,1,1,Yes,NULL,1,100,0,0,0,0,0,6,5,NULL
132,34,"Azhar Ali",1,NULL," ",NULL,NULL,No,NULL,NULL,NULL,NULL,NULL,NULL,NULL,NULL,6,5,NULL
133,233,"Arshad Iqbal",9,1,1,0,0,Yes,NULL,1,0,0,0,0,0,0,6,6,NULL
134,85,"Asif Ali",12,10,2,224,75,No,28,134,167.16,0,1,0,15,18,6,4,NULL
135,14,"Sharjeel Khan",10,10,0,174,47,No,17.4,130,133.84,0,0,1,18,7,6,5,NULL
136,2,"Babar Azam",11,11,3,554,90,Yes,69.25,418,132.53,0,7,1,56,12,6,6,NULL
137,247,"Tom Banton",2,2,0,9,5,No,4.5,11,81.81,0,0,0,1,0,6,5,NULL
138,19,"Ravi Bopara",2,2,1,108,58,Yes,108,84,128.57,0,2,0,12,1,6,3,NULL
139,193,"Carlos Brathwaite",5,3,2,29,22,Yes,29,20,145,0,0,0,3,1,6,1,NULL
140,215,"Dan Christian",5,3,2,55,27,No,55,28,196.42,0,0,0,9,1,6,6,NULL
141,284,"Joe Clarke",5,4,0,121,54,No,30.25,69,175.36,0,1,0,14,7,6,6,NULL
142,260,"Ben Cutting",5,5,0,49,23,No,9.8,45,108.88,0,0,1,5,1,6,5,NULL
143,207,"Danish Aziz",3,3,1,74,45,No,37,35,211.42,0,0,0,3,7,6,6,NULL
144,288,"Tim David",6,6,2,180,64,Yes,45,108,166.66,0,1,0,11,12,6,2,NULL
145,37,"Cameron Delport",5,5,0,13,10,No,2.6,22,59.09,0,0,2,1,0,6,5,NULL
146,139,"Joe Denly",2,2,0,31,31,No,15.5,30,103.33,0,0,1,2,2,6,2,NULL
147,248,"Faf du",5,4,0,76,37,No,19,62,122.58,0,0,0,8,1,6,5,NULL
148,132,"Faheem Ashraf",8,6,0,77,27,No,12.83,63,122.22,0,0,1,6,4,6,4,NULL
149,107,"Fakhar Zaman",10,10,1,287,83,No,31.88,237,121.09,0,2,0,26,11,6,2,NULL
150,289,"James Faulkner",6,5,1,90,33,No,22.5,53,169.81,0,0,0,4,7,6,2,NULL
151,208,"Fawad Ahmed",5,2,2,4,4,Yes,NULL,6,66.66,0,0,0,0,0,6,4,NULL
152,38,"Chris Gayle",2,2,0,107,68,No,53.5,64,167.18,0,1,0,9,7,6,5,NULL
153,249,"Lewis Gregory",2,1,1,49,49,Yes,NULL,31,158.06,0,0,0,6,1,6,4,NULL
154,278,"Martin Guptill",6,6,0,69,43,No,11.5,66,104.54,0,0,1,6,3,6,6,NULL
155,250,"Haider Ali",9,9,1,166,50,No,20.75,121,137.19,0,1,2,16,8,6,3,NULL
156,133,"Alex Hales",4,4,0,139,46,No,34.75,81,171.6,0,0,0,20,4,6,4,NULL
157,39,"Hammad Azam",1,1,0,9,9,No,9,16,56.25,0,0,0,0,0,6,1,NULL
158,196,"Haris Rauf",9,3,0,37,19,No,12.33,20,185,0,0,0,2,3,6,2,NULL
159,53,"Hasan Ali",10,4,0,76,45,No,19,40,190,0,0,0,7,4,6,4,NULL
160,124,"Hassan Khan",3,3,1,36,24,No,18,32,112.5,0,0,1,4,0,6,5,NULL
161,299,"Hazratullah Zazai",5,5,0,212,77,No,42.4,114,185.96,0,3,1,24,14,6,3,NULL
162,314,"Shimron Hetmyer",2,1,0,7,7,No,7,9,77.77,0,0,0,0,0,6,1,NULL
163,88,"Hussain Talat",11,8,1,156,42,No,22.28,151,103.31,0,0,0,13,1,6,4,NULL
164,20,"Iftikhar Ahmed",12,9,3,221,71,Yes,36.83,179,123.46,0,1,0,16,9,6,4,NULL
165,21,"Imad Wasim",11,6,1,68,30,Yes,13.6,65,104.61,0,0,2,5,2,6,6,NULL
166,251,"Imam-ul-Haq ",6,6,0,107,48,No,17.83,98,109.18,0,0,2,10,1,6,3,NULL
167,54,"Imran Khan",7,2,2,3,3,Yes,NULL,4,75,0,0,0,0,0,6,1,NULL
168,265,"Imran Tahir",7,2,0,18,14,No,9,10,180,0,0,0,2,1,6,1,NULL
169,140,"Colin Ingram",5,4,1,26,17,Yes,8.66,39,66.66,0,0,1,2,0,6,6,NULL
170,44,"Umar Akmal",13,13,0,283,59,No,21.76,219,129.22,0,2,0,39,7,6,3,NULL
171,155,"Khalid Usman",1,1,0,17,17,No,17,14,121.42,0,0,0,1,1,6,3,NULL
172,268,"Usman Khawaja",7,7,2,246,105,Yes,49.2,161,152.79,1,1,1,31,5,6,4,NULL
173,252,"Khurram Shahzad",5,3,0,12,11,No,4,27,44.44,0,0,1,0,0,6,5,NULL
174,119,"Khushdil Shah",11,9,5,165,44,Yes,41.25,120,137.5,0,0,0,7,10,6,1,NULL
175,269,"Brandon King",3,3,1,69,46,Yes,34.5,45,153.33,0,0,0,7,4,6,4,NULL
176,303,"Tom Kohler-Cadmore",4,4,0,113,53,No,28.25,93,121.5,0,1,0,11,4,6,3,NULL
177,146,"Chris Lynn",4,4,0,34,32,No,8.5,25,136,0,0,1,6,1,6,1,NULL
178,253,"Saqib Mahmood",5,1,0,0,0,No,0,1,0,0,0,1,0,0,6,3,NULL
179,300,"David Miller",3,3,0,116,73,No,38.66,83,139.75,0,1,0,10,5,6,3,NULL
180,23,"Mohammad Amir",11,3,1,8,7,Yes,4,6,133.33,0,0,1,1,0,6,6,NULL
181,59,"Mohammad Hafeez",10,10,2,271,73,Yes,33.87,196,138.26,0,2,0,22,14,6,2,NULL
182,211,"Mohammad Hasnain",9,4,2,5,4,No,2.5,11,45.45,0,0,1,1,0,6,5,NULL
183,218,"Mohammad Ilyas",5,3,2,9,4,Yes,9,9,100,0,0,0,0,0,6,6,NULL
184,198,"Mohammad Imran",11,2,1,1,1,Yes,1,3,33.33,0,0,1,0,0,6,3,NULL
185,10,"Mohammad Irfan",10,1,1,0,0,Yes,NULL,5,0,0,0,0,0,0,6,3,NULL
186,76,"Mohammad Nabi",5,5,2,174,67,No,58,97,179.38,0,2,0,16,11,6,6,NULL
187,77,"Mohammad Nawaz",9,9,2,109,33,Yes,15.57,88,123.86,0,0,1,9,4,6,5,NULL
188,312,"Mohammad Rizwan",12,12,1,500,82,Yes,45.45,391,127.87,0,4,1,56,10,6,1,NULL
189,315,"Mohammad Umar",2,1,0,0,0,No,0,1,0,0,0,1,0,0,6,1,NULL
190,270,"Mohammad Wasim",11,6,4,45,17,Yes,22.5,30,150,0,0,0,2,4,6,4,NULL
191,271,"Muhammad Akhlaq",5,4,0,44,26,No,11,31,141.93,0,0,0,6,2,6,4,NULL
192,239,"Muhammad Faizan",2,2,0,17,9,No,8.5,33,51.51,0,0,0,1,0,6,2,NULL
193,172,"Muhammad Musa",3,1,1,0,0,Yes,NULL,0,NULL,0,0,0,0,0,6,4,NULL
194,304,"Mujeeb Ur",4,1,1,0,0,Yes,NULL,0,NULL,0,0,0,0,0,6,3,NULL
195,185,"Colin Munro",7,7,2,285,90,Yes,57,168,169.64,0,2,1,37,11,6,4,NULL
196,317,"Blessing Muzarabani",6,2,0,0,0,No,0,5,0,0,0,2,0,0,6,1,NULL
197,280,"Najibullah Zadran",5,5,1,111,71,Yes,27.75,89,124.71,0,1,1,6,6,6,6,NULL
198,212,"Naseem Shah",4,1,1,1,1,Yes,NULL,4,25,0,0,0,0,0,6,5,NULL
199,281,"Noor Ahmad",4,1,1,0,0,Yes,NULL,0,NULL,0,0,0,0,0,6,6,NULL
200,121,"Samit Patel",4,2,1,34,26,Yes,34,31,109.67,0,0,0,2,1,6,2,NULL
201,129,"Thisara Perera",3,3,0,37,37,No,12.33,21,176.19,0,0,2,4,3,6,6,NULL
202,301,"Rovman Powell",8,7,3,87,43,Yes,21.75,62,140.32,0,0,1,6,6,6,3,NULL
203,222,"Qais Ahmad",2,2,1,18,16,No,18,16,112.5,0,0,0,1,1,6,5,NULL
204,282,"Qasim Akram",1,1,0,10,10,No,10,3,333.33,0,0,0,1,1,6,6,NULL
205,318,"Rahmanullah Gurbaz",1,1,0,3,3,No,3,4,75,0,0,0,0,0,6,1,NULL
206,167,"Rashid Khan",8,7,3,75,27,Yes,18.75,55,136.36,0,0,0,8,2,6,2,NULL
207,135,"Rohail Nazir",4,3,0,43,34,No,14.33,36,119.44,0,0,0,6,1,6,4,NULL
208,130,"Rilee Rossouw",12,12,3,177,50,No,19.66,112,158.03,0,1,1,20,7,6,1,NULL
209,13,"Andre Russell",1,1,0,13,13,No,13,6,216.66,0,0,0,0,2,6,5,NULL
210,234,"Sherfane Rutherford",13,12,4,276,56,No,34.5,180,153.33,0,1,0,16,21,6,3,NULL
211,306,"Saim Ayub",7,7,0,114,35,No,16.28,105,108.57,0,0,0,14,3,6,5,NULL
212,296,"Salman Mirza",2,NULL," ",NULL,NULL,No,NULL,NULL,NULL,NULL,NULL,NULL,NULL,NULL,6,2,NULL
213,159,"Sameen Gul",3,1,1,7,7,Yes,NULL,11,63.63,0,0,0,1,0,6,3,NULL
214,20,"Iftikhar Ahmed",10,10,3,321,81,No,45.85,233,137.76,0,3,0,35,7,6,5,NULL
215,91,"Shadab Khan",11,9,0,94,35,No,10.44,90,104.44,0,0,2,11,1,6,4,NULL
216,151,"Shaheen Shah",10,6,3,17,12,No,5.66,13,130.76,0,0,1,1,1,6,2,NULL
217,62,"Shahid Afridi",4,2,0,3,3,No,1.5,6,50,0,0,1,0,0,6,1,NULL
218,319,"Shahnawaz Dahani",11,2,1,0,0,Yes,0,1,0,0,0,1,0,0,6,1,NULL
219,224,"Shan Masood",7,7,0,209,73,No,29.85,147,142.17,0,2,1,25,7,6,1,NULL
220,14,"Sharjeel Khan",11,11,0,338,105,No,30.72,228,148.24,1,1,1,31,23,6,6,NULL
221,17,"Shoaib Malik",13,13,3,354,73,No,35.4,237,149.36,0,2,2,29,17,6,3,NULL
222,320,"Sohaibullah ",1,NULL," ",NULL,NULL,No,NULL,NULL,NULL,NULL,NULL,NULL,NULL,NULL,6,1,NULL
223,43,"Sohaib Maqsood",12,12,3,428,65,Yes,47.55,273,156.77,0,5,0,39,22,6,1,NULL
224,152,"Sohail Akhtar",10,10,0,149,40,No,14.9,136,109.55,0,0,2,22,2,6,2,NULL
225,29,"Sohail Khan",5,2,0,16,8,No,8,14,114.28,0,0,0,1,1,6,1,NULL
226,30,"Sohail Tanvir",8,5,4,58,26,Yes,58,39,148.71,0,0,0,5,2,6,1,NULL
227,230,"Dale Steyn",3,2,2,0,0,Yes,NULL,2,0,0,0,0,0,0,6,5,NULL
228,274,"Paul Stirling",2,2,0,57,56,No,28.5,35,162.85,0,1,0,8,2,6,4,NULL
229,161,"Umaid Asif",9,3,3,47,23,Yes,NULL,22,213.63,0,0,0,3,4,6,3,NULL
230,15,"Umar Amin",1,1,0,13,13,No,13,15,86.66,0,0,0,1,0,6,4,NULL
231,307,"Usman Khan",6,6,0,150,81,No,25,123,121.95,0,1,1,16,5,6,5,NULL
232,114,"Usman Qadir",4,1,0,4,4,No,4,5,80,0,0,0,1,0,6,1,NULL
233,104,"Usman Shinwari",5,2,0,7,7,No,3.5,10,70,0,0,1,1,0,6,5,NULL
234,32,"James Vince",5,5,0,174,84,No,34.8,128,135.93,0,1,0,20,5,6,1,NULL
235,66,"Wahab Riaz",12,6,3,66,28,Yes,22,36,183.33,0,0,1,3,5,6,3,NULL
236,138,"Chadwick Walton",6,6,2,89,35,No,22.25,67,132.83,0,0,1,6,4,6,6,NULL
237,205,"Waqar Salamkheil",1,NULL," ",NULL,NULL,No,NULL,NULL,NULL,NULL,NULL,NULL,NULL,NULL,6,3,NULL
238,177,"Waqas Maqsood",7,2,0,19,12,No,9.5,18,105.55,0,0,0,2,1,6,6,NULL
239,308,"Jake Weatherald",5,5,0,148,48,No,29.6,118,125.42,0,0,0,16,7,6,5,NULL
240,302,"Jonathan Wells",2,2,1,61,55,Yes,61,56,108.92,0,1,0,6,3,6,3,NULL
241,143,"David Wiese",4,3,1,44,31,Yes,22,18,244.44,0,0,1,4,4,6,2,NULL
242,309,"Jack Wildermuth",2,2,1,17,9,No,17,18,94.44,0,0,0,1,0,6,5,NULL
243,46,"Zafar Gohar",3,1,1,3,3,Yes,NULL,4,75,0,0,0,0,0,6,4,NULL
244,310,"Zahid Mahmood",6,4,1,5,5,No,1.66,11,45.45,0,0,2,0,0,6,5,NULL
245,178,"Zahir Khan",2,2,1,12,6,Yes,12,8,150,0,0,0,2,0,6,5,NULL
246,311,"Zahoor Khan",1,NULL," ",NULL,NULL,No,NULL,NULL,NULL,NULL,NULL,NULL,NULL,NULL,6,5,NULL
247,132,"Faheem Ashraf",3,2,0,17,16,No,8.5,20,85,0,0,0,0,1,6,2,NULL
248,49,"Aamer Yamin",3,NULL," ",NULL,NULL,No,NULL,NULL,NULL,NULL,NULL,NULL,NULL,NULL,5,6,NULL
249,258,"Abdul Nasir",1,1,1,1,1,Yes,NULL,2,50,0,0,0,0,0,5,5,NULL
250,246,"Adil Amin",1,1,1,7,7,Yes,NULL,7,100,0,0,0,1,0,5,3,NULL
251,228,"Ahmed Safi",3,2,2,9,8,Yes,NULL,13,69.23,0,0,0,1,0,5,4,NULL
252,69,"Ahmed Shehzad",7,7,0,61,12,No,8.71,64,95.31,0,0,1,5,3,5,5,NULL
253,206,"Ahsan Ali",3,2,0,16,14,No,8,19,84.21,0,0,0,1,0,5,5,NULL
254,229,"Akif Javed",6,1,1,0,0,Yes,NULL,2,0,0,0,0,0,0,5,4,NULL
255,34,"Azhar Ali",9,9,1,138,65,No,17.25,106,130.18,0,1,1,13,5,5,1,NULL
256,232,"Ali Khan",1,NULL," ",NULL,NULL,No,NULL,NULL,NULL,NULL,NULL,NULL,NULL,NULL,5,6,NULL
257,72,"Asad Shafiq",2,NULL," ",NULL,NULL,No,NULL,NULL,NULL,NULL,NULL,NULL,NULL,NULL,5,1,NULL
258,1,"Amad Butt",5,4,0,22,8,No,5.5,17,129.41,0,0,1,0,3,5,4,NULL
259,71,"Anwar Ali",3,3,1,30,14,No,15,17,176.47,0,0,0,2,2,5,5,NULL
260,233,"Arshad Iqbal",7,NULL," ",NULL,NULL,No,NULL,NULL,NULL,NULL,NULL,NULL,NULL,NULL,5,6,NULL
261,72,"Asad Shafiq",1,1,0,1,1,No,1,1,100,0,0,0,0,0,5,1,NULL
262,85,"Asif Ali",9,7,2,81,20,Yes,16.2,54,150,0,0,0,7,4,5,4,NULL
263,14,"Sharjeel Khan",9,9,1,150,59,No,18.75,115,130.43,0,1,2,14,6,5,5,NULL
264,2,"Babar Azam",12,11,3,473,78,No,59.12,381,124.14,0,5,1,55,5,5,6,NULL
265,247,"Tom Banton",7,7,1,74,34,No,12.33,57,129.82,0,0,2,9,2,5,3,NULL
266,18,"Bilawal Bhatti",2,1,1,1,1,Yes,NULL,1,100,0,0,0,0,0,5,1,NULL
267,19,"Ravi Bopara",6,6,0,92,40,No,15.33,84,109.52,0,0,0,8,2,5,1,NULL
268,193,"Carlos Brathwaite",4,3,1,34,16,Yes,17,24,141.66,0,0,0,3,1,5,3,NULL
269,260,"Ben Cutting",7,7,2,146,53,No,29.2,77,189.61,0,1,2,8,13,5,5,NULL
270,153,"Liam Dawson",4,4,1,49,22,No,16.33,45,108.88,0,0,1,1,1,5,3,NULL
271,37,"Cameron Delport",8,8,0,178,62,No,22.25,147,121.08,0,1,0,13,7,5,6,NULL
272,238,"Dilbar Hussain",11,1,1,8,8,Yes,NULL,12,66.66,0,0,0,0,1,5,2,NULL
273,248,"Faf du",1,1,0,31,31,No,31,25,124,0,0,0,1,1,5,3,NULL
274,132,"Faheem Ashraf",7,5,2,50,20,No,16.66,37,135.13,0,0,0,7,0,5,4,NULL
275,107,"Fakhar Zaman",12,12,0,325,63,No,27.08,252,128.96,0,2,1,36,10,5,2,NULL
276,208,"Fawad Ahmed",5,2,0,18,14,No,9,23,78.26,0,0,0,3,0,5,5,NULL
277,249,"Lewis Gregory",4,4,1,68,25,No,22.66,42,161.9,0,0,0,2,5,5,3,NULL
278,250,"Haider Ali",10,10,1,239,69,No,26.55,152,157.23,0,1,1,20,14,5,3,NULL
279,133,"Alex Hales",9,7,1,272,80,Yes,45.33,183,148.63,0,2,0,25,12,5,6,NULL
280,39,"Hammad Azam",1,1,0,7,7,No,7,5,140,0,0,0,1,0,5,3,NULL
281,196,"Haris Rauf",8,1,0,0,0,No,0,5,0,0,0,1,0,0,5,2,NULL
282,53,"Hasan Ali",9,5,3,29,9,Yes,14.5,19,152.63,0,0,0,3,1,5,3,NULL
283,88,"Hussain Talat",5,3,0,61,37,No,20.33,59,103.38,0,0,0,5,0,5,4,NULL
284,20,"Iftikhar Ahmed",12,10,2,96,25,No,12,79,121.51,0,0,0,7,4,5,6,NULL
285,21,"Imad Wasim",11,8,4,158,50,No,39.5,118,133.89,0,1,0,13,7,5,6,NULL
286,251,"Imam-ul-Haq ",4,4,0,94,56,No,23.5,76,123.68,0,1,0,6,4,5,3,NULL
287,265,"Imran Tahir",10,2,1,4,3,Yes,4,4,100,0,0,0,0,0,5,1,NULL
288,140,"Colin Ingram",9,9,2,206,63,Yes,29.42,137,150.36,0,1,0,18,8,5,4,NULL
289,67,"Chris Jordan",9,3,1,27,14,No,13.5,24,112.5,0,0,0,2,1,5,6,NULL
290,55,"Junaid Khan",3,1,1,0,0,Yes,NULL,1,0,0,0,0,0,0,5,1,NULL
291,44,"Umar Akmal",9,9,0,251,101,No,27.88,155,161.93,1,0,0,31,10,5,3,NULL
292,98,"Khurram Manzoor",1,1,0,63,63,No,63,40,157.5,0,1,0,9,1,5,5,NULL
293,119,"Khushdil Shah",11,10,4,222,70,Yes,37,159,139.62,0,1,0,12,13,5,1,NULL
294,184,"Liam Livingstone",8,7,2,108,54,Yes,21.6,72,150,0,1,1,7,5,5,3,NULL
295,146,"Chris Lynn",8,8,1,284,113,Yes,40.57,158,179.74,1,1,1,32,16,5,2,NULL
296,266,"Adam Lyth",2,2,0,59,50,No,29.5,36,163.88,0,1,0,4,4,5,1,NULL
297,291,"Maaz Khan",3,NULL," ",NULL,NULL,No,NULL,NULL,NULL,NULL,NULL,NULL,NULL,NULL,5,2,NULL
298,147,"Mitchell McClenaghan",1,NULL," ",NULL,NULL,No,NULL,NULL,NULL,NULL,NULL,NULL,NULL,NULL,5,6,NULL
299,253,"Saqib Mahmood",1,1,1,2,2,Yes,NULL,3,66.66,0,0,0,0,0,5,3,NULL
300,57,"Dawid Malan",4,4,1,131,64,No,43.66,92,142.39,0,1,0,13,5,5,4,NULL
301,127,"Tymal Mills",4,1,1,4,4,Yes,NULL,5,80,0,0,0,0,0,5,5,NULL
302,23,"Mohammad Amir",4,1,1,7,7,Yes,NULL,9,77.77,0,0,0,1,0,5,3,NULL
303,23,"Mohammad Amir",11,3,1,3,2,No,1.5,7,42.85,0,0,0,0,0,5,6,NULL
304,59,"Mohammad Hafeez",13,12,4,312,98,Yes,39,249,125.3,0,2,1,28,11,5,2,NULL
305,211,"Mohammad Hasnain",9,2,2,3,2,Yes,NULL,3,100,0,0,0,0,0,5,5,NULL
306,218,"Mohammad Ilyas",9,3,2,17,9,No,17,17,100,0,0,0,1,0,5,1,NULL
307,198,"Mohammad Imran",1,1,0,8,8,No,8,4,200,0,0,0,0,1,5,3,NULL
308,10,"Mohammad Irfan",8,NULL," ",NULL,NULL,No,NULL,NULL,NULL,NULL,NULL,NULL,NULL,NULL,5,1,NULL
309,254,"Mohammad Mohsin",2,1,0,0,0,No,0,6,0,0,0,1,0,0,5,3,NULL
310,77,"Mohammad Nawaz",9,9,3,116,25,Yes,19.33,100,116,0,0,0,14,2,5,5,NULL
311,312,"Mohammad Rizwan",2,1,1,0,0,Yes,NULL,1,0,0,0,0,0,0,5,6,NULL
312,239,"Muhammad Faizan",7,4,2,6,6,No,3,8,75,0,0,1,0,1,5,2,NULL
313,172,"Muhammad Musa",7,2,1,17,17,Yes,17,14,121.42,0,0,1,2,1,5,4,NULL
314,185,"Colin Munro",8,8,1,248,87,Yes,35.42,168,147.61,0,3,1,18,15,5,4,NULL
315,212,"Naseem Shah",6,1,0,7,7,No,7,7,100,0,0,0,0,1,5,5,NULL
316,174,"Wayne Parnell",1,1,0,1,1,No,1,3,33.33,0,0,0,0,0,5,6,NULL
317,121,"Samit Patel",12,9,2,188,71,No,26.85,129,145.73,0,1,0,24,4,5,2,NULL
318,240,"Seekkuge Prasanna",2,1,0,8,8,No,8,8,100,0,0,0,0,1,5,2,NULL
319,101,"Rahat Ali",10,1,0,1,1,No,1,6,16.66,0,0,0,0,0,5,3,NULL
320,241,"Raja Farzan",2,NULL," ",NULL,NULL,No,NULL,NULL,NULL,NULL,NULL,NULL,NULL,NULL,5,2,NULL
321,175,"Rizwan Hussain",5,4,0,51,22,No,12.75,36,141.66,0,0,0,6,1,5,4,NULL
322,135,"Rohail Nazir",2,2,0,38,24,No,19,31,122.58,0,0,0,4,1,5,1,NULL
323,130,"Rilee Rossouw",9,8,2,212,100,Yes,35.33,149,142.28,1,0,2,21,8,5,1,NULL
324,112,"Jason Roy",8,8,1,233,73,Yes,33.28,194,120.1,0,2,1,25,5,5,5,NULL
325,12,"Rumman Raees",6,1,1,0,0,Yes,NULL,0,NULL,0,0,0,0,0,5,4,NULL
326,234,"Sherfane Rutherford",2,2,0,1,1,No,0.5,4,25,0,0,1,0,0,5,6,NULL
327,242,"Salman Butt",1,1,0,21,21,No,21,24,87.5,0,0,0,2,0,5,2,NULL
328,150,"Salman Irshad",5,2,1,3,2,Yes,3,6,50,0,0,0,0,0,5,2,NULL
329,61,"Daren Sammy",4,3,0,44,30,No,14.66,42,104.76,0,0,0,2,2,5,3,NULL
330,20,"Iftikhar Ahmed",9,9,2,148,41,No,21.14,115,128.69,0,0,0,16,2,5,5,NULL
331,91,"Shadab Khan",9,8,1,263,77,No,37.57,165,159.39,0,3,0,16,15,5,4,NULL
332,151,"Shaheen Shah",12,2,1,14,12,Yes,14,9,155.55,0,0,0,1,1,5,2,NULL
333,62,"Shahid Afridi",9,7,3,99,35,Yes,24.75,65,152.3,0,0,1,4,7,5,1,NULL
334,224,"Shan Masood",11,10,0,283,61,No,28.3,221,128.05,0,1,0,30,2,5,1,NULL
335,14,"Sharjeel Khan",12,11,1,216,74,Yes,21.6,157,137.57,0,1,1,18,16,5,6,NULL
336,17,"Shoaib Malik",9,8,0,278,68,No,34.75,202,137.62,0,3,0,27,8,5,3,NULL
337,43,"Sohaib Maqsood",1,1,0,16,16,No,16,17,94.11,0,0,0,1,1,5,3,NULL
338,152,"Sohail Akhtar",13,13,4,262,68,Yes,29.11,218,120.18,0,2,0,24,9,5,2,NULL
339,29,"Sohail Khan",8,5,2,65,32,No,21.66,60,108.33,0,0,0,3,5,5,5,NULL
340,30,"Sohail Tanvir",10,7,5,51,25,Yes,25.5,45,113.33,0,0,0,4,2,5,1,NULL
341,230,"Dale Steyn",4,NULL," ",NULL,NULL,No,NULL,NULL,NULL,NULL,NULL,NULL,NULL,NULL,5,4,NULL
342,65,"Tamim Iqbal",3,3,0,83,35,No,27.66,68,122.05,0,0,0,11,2,5,2,NULL
343,161,"Umaid Asif",7,3,1,42,20,No,21,21,200,0,0,0,3,3,5,6,NULL
344,15,"Umar Amin",1,1,0,29,29,No,29,23,126.08,0,0,0,4,0,5,3,NULL
345,188,"Umer Khan",6,1,1,3,3,Yes,NULL,5,60,0,0,0,0,0,5,6,NULL
346,31,"Usama Mir",3,1,1,1,1,Yes,NULL,2,50,0,0,0,0,0,5,6,NULL
347,114,"Usman Qadir",1,NULL," ",NULL,NULL,No,NULL,NULL,NULL,NULL,NULL,NULL,NULL,NULL,5,1,NULL
348,104,"Usman Shinwari",4,2,1,30,30,No,30,15,200,0,0,0,0,4,5,2,NULL
349,201,"Hardus Viljoen",1,1,0,37,37,No,37,16,231.25,0,0,0,3,3,5,3,NULL
350,32,"James Vince",5,5,1,155,61,Yes,38.75,93,166.66,0,1,0,26,3,5,1,NULL
351,66,"Wahab Riaz",10,7,1,28,13,Yes,4.66,34,82.35,0,0,2,2,1,5,3,NULL
352,138,"Chadwick Walton",12,10,2,176,45,No,22,126,139.68,0,0,0,15,8,5,6,NULL
353,177,"Waqas Maqsood",3,1,1,1,1,Yes,NULL,1,100,0,0,0,0,0,5,6,NULL
354,16,"Shane Watson",9,9,0,247,80,No,27.44,157,157.32,0,2,1,26,16,5,5,NULL
355,143,"David Wiese",11,8,5,131,48,Yes,43.66,77,170.12,0,0,0,10,8,5,2,NULL
356,45,"Yasir Shah",4,1,1,1,1,Yes,NULL,1,100,0,0,0,0,0,5,3,NULL
357,46,"Zafar Gohar",3,1,1,13,13,Yes,NULL,10,130,0,0,0,1,0,5,4,NULL
358,310,"Zahid Mahmood",1,1,1,19,19,Yes,NULL,19,100,0,0,0,2,0,5,5,NULL
359,132,"Faheem Ashraf",11,11,0,202,52,No,18.36,155,130.32,0,2,0,25,6,5,1,NULL
360,49,"Aamer Yamin",8,4,1,39,35,Yes,13,28,139.28,0,0,1,3,2,4,6,NULL
361,190,"Agha Salman",3,3,0,18,13,No,6,30,60,0,0,0,1,0,4,2,NULL
362,69,"Ahmed Shehzad",8,8,2,311,99,No,51.83,245,126.93,0,4,1,30,8,4,5,NULL
363,206,"Ahsan Ali",8,8,0,178,46,No,22.25,136,130.88,0,0,0,16,7,4,5,NULL
364,191,"Aizaz Cheema",1,NULL," ",NULL,NULL,No,NULL,NULL,NULL,NULL,NULL,NULL,NULL,NULL,4,2,NULL
365,72,"Asad Shafiq",2,1,0,0,0,No,0,0,NULL,0,0,1,0,0,4,1,NULL
366,1,"Amad Butt",2,1,0,0,0,No,0,1,0,0,0,1,0,0,4,4,NULL
367,192,"Corey Anderson",3,2,0,41,22,No,20.5,36,113.88,0,0,0,1,3,4,2,NULL
368,71,"Anwar Ali",3,3,1,30,27,Yes,15,11,272.72,0,0,0,0,4,4,5,NULL
369,85,"Asif Ali",12,11,3,281,70,No,35.12,154,182.46,0,2,2,14,26,4,4,NULL
370,181,"Awais Zia",2,2,0,22,19,No,11,30,73.33,0,0,0,2,0,4,6,NULL
371,14,"Sharjeel Khan",1,1,0,12,12,No,12,15,80,0,0,0,1,0,4,5,NULL
372,2,"Babar Azam",11,11,0,335,77,No,30.45,290,115.51,0,3,1,38,2,4,6,NULL
373,171,"Ian Bell",1,1,0,54,54,No,54,46,117.39,0,1,0,6,0,4,4,NULL
374,19,"Ravi Bopara",2,2,1,4,3,Yes,4,8,50,0,0,0,0,0,4,6,NULL
375,193,"Carlos Brathwaite",1,1,0,6,6,No,6,6,100,0,0,0,1,0,4,2,NULL
376,35,"Dwayne Bravo",6,4,2,23,12,Yes,11.5,29,79.31,0,0,1,3,0,4,5,NULL
377,215,"Dan Christian",8,7,1,97,21,No,16.16,75,129.33,0,0,0,5,5,4,1,NULL
378,207,"Danish Aziz",1,1,0,1,1,No,1,7,14.28,0,0,0,0,0,4,5,NULL
379,153,"Liam Dawson",11,8,2,169,52,Yes,28.16,136,124.26,0,1,1,10,6,4,3,NULL
380,37,"Cameron Delport",12,12,1,355,117,Yes,32.27,265,133.96,1,1,3,35,13,4,4,NULL
381,144,"Anton Devcich",5,5,0,83,28,No,16.6,81,102.46,0,0,0,8,1,4,2,NULL
382,194,"AB de",7,7,3,218,52,Yes,54.5,169,128.99,0,1,0,19,5,4,2,NULL
383,216,"Laurie Evans",5,5,0,83,49,No,16.6,96,86.45,0,0,0,7,0,4,1,NULL
384,132,"Faheem Ashraf",12,10,4,129,31,No,21.5,81,159.25,0,0,0,9,8,4,4,NULL
385,107,"Fakhar Zaman",10,10,0,285,65,No,28.5,207,137.68,0,3,0,33,10,4,2,NULL
386,208,"Fawad Ahmed",12,2,0,0,0,No,0,5,0,0,0,2,0,0,4,5,NULL
387,117,"Andre Fletcher",4,4,0,72,26,No,18,66,109.09,0,0,0,6,4,4,3,NULL
388,195,"Gauhar Ali",3,3,0,30,21,No,10,22,136.36,0,0,0,4,1,4,2,NULL
389,109,"Ghulam Mudassar",5,NULL," ",NULL,NULL,No,NULL,NULL,NULL,NULL,NULL,NULL,NULL,NULL,4,5,NULL
390,110,"Chris Green",5,3,1,27,18,Yes,13.5,29,93.1,0,0,0,2,0,4,1,NULL
391,209,"Harry Gurney",1,1,1,0,0,Yes,NULL,0,NULL,0,0,0,0,0,4,5,NULL
392,133,"Alex Hales",2,2,0,42,41,No,21,47,89.36,0,0,0,5,1,4,4,NULL
393,39,"Hammad Azam",5,5,1,57,29,No,14.25,58,98.27,0,0,1,4,1,4,1,NULL
394,196,"Haris Rauf",10,3,1,13,7,No,6.5,10,130,0,0,1,1,1,4,2,NULL
395,118,"Haris Sohail",5,5,1,103,43,No,25.75,108,95.37,0,0,1,10,1,4,2,NULL
396,53,"Hasan Ali",13,4,1,8,3,Yes,2.66,10,80,0,0,0,0,0,4,3,NULL
397,124,"Hassan Khan",2,2,1,13,7,No,13,14,92.85,0,0,0,2,0,4,2,NULL
398,88,"Hussain Talat",10,9,0,134,37,No,14.88,111,120.72,0,0,2,10,5,4,4,NULL
399,154,"Ibtisam Sheikh",4,NULL," ",NULL,NULL,No,NULL,NULL,NULL,NULL,NULL,NULL,NULL,NULL,4,3,NULL
400,20,"Iftikhar Ahmed",6,6,3,82,44,Yes,27.33,56,146.42,0,0,1,7,4,4,6,NULL
401,21,"Imad Wasim",11,10,4,115,30,No,19.16,100,115,0,0,1,7,2,4,6,NULL
402,251,"Imam-ul-Haq ",12,12,0,341,59,No,28.41,262,130.15,0,4,0,34,8,4,3,NULL
403,140,"Colin Ingram",11,11,1,344,127,Yes,34.4,209,164.59,1,1,0,34,16,4,6,NULL
404,67,"Chris Jordan",2,2,2,0,0,Yes,NULL,0,NULL,0,0,0,0,0,4,3,NULL
405,55,"Junaid Khan",7,2,1,0,0,Yes,0,1,0,0,0,1,0,0,4,1,NULL
406,44,"Umar Akmal",13,13,0,357,86,No,27.46,259,137.83,0,3,3,42,18,4,3,NULL
407,197,"Sandeep Lamichhane",7,3,3,11,6,Yes,NULL,14,78.57,0,0,0,0,0,4,2,NULL
408,184,"Liam Livingstone",11,11,1,321,82,No,32.1,246,130.48,0,3,1,24,15,4,6,NULL
409,203,"Wayne Madsen",2,2,0,5,5,No,2.5,19,26.31,0,0,1,0,0,4,3,NULL
410,57,"Dawid Malan",2,2,0,39,38,No,19.5,41,95.12,0,0,0,5,0,4,3,NULL
411,127,"Tymal Mills",5,NULL," ",NULL,NULL,No,NULL,NULL,NULL,NULL,NULL,NULL,NULL,NULL,4,3,NULL
412,9,"Misbah-ul-Haq ",3,3,2,126,59,Yes,126,104,121.15,0,1,0,9,5,4,3,NULL
413,217,"Mohammad Abbas",3,1,1,1,1,Yes,NULL,1,100,0,0,0,0,0,4,1,NULL
414,23,"Mohammad Amir",9,5,0,10,6,No,2,11,90.9,0,0,2,0,1,4,6,NULL
415,59,"Mohammad Hafeez",2,2,1,19,14,No,19,14,135.71,0,0,0,1,1,4,2,NULL
416,211,"Mohammad Hasnain",7,2,1,0,0,Yes,0,2,0,0,0,1,0,0,4,5,NULL
417,218,"Mohammad Ilyas",8,4,1,6,3,Yes,2,9,66.66,0,0,1,0,0,4,1,NULL
418,10,"Mohammad Irfan",9,3,2,4,4,Yes,4,4,100,0,0,1,1,0,4,1,NULL
419,10,"Mohammad Irfan",2,2,1,4,4,Yes,4,3,133.33,0,0,1,1,0,4,1,NULL
420,10,"Mohammad Irfan",3,NULL," ",NULL,NULL,No,NULL,NULL,NULL,NULL,NULL,NULL,NULL,NULL,4,5,NULL
421,77,"Mohammad Nawaz",12,6,4,49,19,No,24.5,45,108.88,0,0,0,2,2,4,5,NULL
422,312,"Mohammad Rizwan",5,5,1,79,34,No,19.75,81,97.53,0,0,0,3,1,4,6,NULL
423,11,"Mohammad Sami",9,5,3,8,2,Yes,4,13,61.53,0,0,0,0,0,4,4,NULL
424,172,"Muhammad Musa",7,3,2,10,8,Yes,10,11,90.9,0,0,0,1,0,4,4,NULL
425,185,"Colin Munro",8,8,0,95,32,No,11.87,77,123.37,0,0,2,9,4,4,6,NULL
426,204,"Nabi Gul",2,1,0,9,9,No,9,12,75,0,0,0,0,0,4,3,NULL
427,173,"Nasir Nawaz",1,1,0,3,3,No,3,5,60,0,0,0,0,0,4,4,NULL
428,221,"Nauman Ali",4,2,0,5,3,No,2.5,7,71.42,0,0,0,0,0,4,1,NULL
429,174,"Wayne Parnell",3,2,0,46,41,No,23,28,164.28,0,0,0,7,1,4,4,NULL
430,121,"Samit Patel",8,6,3,119,45,Yes,39.66,113,105.3,0,0,0,14,1,4,4,NULL
431,100,"Kieron Pollard",13,13,3,284,52,Yes,28.4,164,173.17,0,2,1,19,23,4,3,NULL
432,101,"Rahat Ali",7,2,2,2,1,Yes,NULL,4,50,0,0,0,0,0,4,2,NULL
433,175,"Rizwan Hussain",4,4,0,31,15,No,7.75,41,75.6,0,0,0,3,0,4,4,NULL
434,130,"Rilee Rossouw",12,12,3,295,67,Yes,32.77,217,135.94,0,1,0,36,5,4,5,NULL
435,12,"Rumman Raees",8,3,2,2,2,Yes,2,7,28.57,0,0,1,0,0,4,4,NULL
436,13,"Andre Russell",4,4,0,50,18,No,12.5,30,166.66,0,0,0,5,3,4,1,NULL
437,34,"Azhar Ali",1,1,0,8,8,No,8,9,88.88,0,0,0,0,0,4,2,NULL
438,137,"Sahibzada Farhan",3,3,0,49,30,No,16.33,54,90.74,0,0,0,5,0,4,4,NULL
439,242,"Salman Butt",2,2,0,22,17,No,11,26,84.61,0,0,0,1,0,4,2,NULL
440,159,"Sameen Gul",7,1,1,0,0,Yes,NULL,0,NULL,0,0,0,0,0,4,3,NULL
441,61,"Daren Sammy",13,10,3,228,46,No,32.57,158,144.3,0,0,0,16,11,4,3,NULL
442,20,"Iftikhar Ahmed",12,7,2,146,52,Yes,29.2,122,119.67,0,1,1,9,2,4,5,NULL
443,91,"Shadab Khan",12,9,2,44,15,No,6.28,57,77.19,0,0,3,1,1,4,4,NULL
444,151,"Shaheen Shah",8,5,0,12,4,No,2.4,30,40,0,0,0,0,0,4,2,NULL
445,62,"Shahid Afridi",8,7,2,52,16,Yes,10.4,44,118.18,0,0,1,5,2,4,1,NULL
446,223,"Shakeel Ansar",1,1,1,0,0,Yes,NULL,3,0,0,0,0,0,0,4,1,NULL
447,224,"Shan Masood",4,4,0,112,48,No,28,81,138.27,0,0,0,17,1,4,1,NULL
448,17,"Shoaib Malik",10,9,3,266,53,No,44.33,229,116.15,0,2,0,16,9,4,1,NULL
449,186,"Sikandar Raza",3,3,0,23,14,No,7.66,38,60.52,0,0,0,2,0,4,6,NULL
450,92,"Dwayne Smith",5,3,1,22,11,Yes,11,27,81.48,0,0,0,2,0,4,5,NULL
451,43,"Sohaib Maqsood",5,5,1,69,26,No,17.25,71,97.18,0,0,0,6,3,4,3,NULL
452,152,"Sohail Akhtar",10,9,1,241,75,No,30.12,173,139.3,0,1,0,22,12,4,2,NULL
453,29,"Sohail Khan",5,3,1,5,4,Yes,2.5,5,100,0,0,1,1,0,4,6,NULL
454,30,"Sohail Tanvir",12,4,2,9,7,No,4.5,23,39.13,0,0,1,0,0,4,5,NULL
455,187,"Aaron Summers",2,NULL," ",NULL,NULL,No,NULL,NULL,NULL,NULL,NULL,NULL,NULL,NULL,4,6,NULL
456,161,"Umaid Asif",8,2,1,0,0,Yes,0,1,0,0,0,1,0,0,4,3,NULL
457,200,"Umair Masood",1,1,0,22,22,No,22,28,78.57,0,0,0,1,0,4,2,NULL
458,44,"Umar Akmal",12,10,2,277,75,Yes,34.62,202,137.12,0,2,1,18,16,4,5,NULL
459,15,"Umar Amin",11,8,3,189,61,Yes,37.8,163,115.95,0,2,1,22,3,4,3,NULL
460,225,"Umar Siddiq",7,7,0,169,53,No,24.14,150,112.66,0,1,0,13,8,4,1,NULL
461,188,"Umer Khan",11,4,1,0,0,Yes,0,3,0,0,0,3,0,0,4,6,NULL
462,104,"Usman Shinwari",9,4,3,2,1,Yes,2,7,28.57,0,0,1,0,0,4,6,NULL
463,201,"Hardus Viljoen",2,2,1,9,8,Yes,9,10,90,0,0,0,1,0,4,2,NULL
464,32,"James Vince",8,8,0,231,84,No,28.87,160,144.37,0,1,1,26,10,4,1,NULL
465,66,"Wahab Riaz",13,9,4,48,20,No,9.6,31,154.83,0,0,1,4,2,4,3,NULL
466,138,"Chadwick Walton",4,4,0,118,48,No,29.5,75,157.33,0,0,1,7,8,4,4,NULL
467,177,"Waqas Maqsood",2,NULL," ",NULL,NULL,No,NULL,NULL,NULL,NULL,NULL,NULL,NULL,NULL,4,4,NULL
468,16,"Shane Watson",12,12,2,430,91,Yes,43,299,143.81,0,4,1,43,22,4,5,NULL
469,162,"Riki Wessels",2,2,0,24,20,No,12,21,114.28,0,0,0,3,1,4,2,NULL
470,143,"David Wiese",7,6,3,136,45,Yes,45.33,94,144.68,0,0,0,5,10,4,2,NULL
471,45,"Yasir Shah",5,3,1,10,7,No,5,11,90.9,0,0,0,0,1,4,2,NULL
472,46,"Zafar Gohar",2,2,1,11,9,Yes,11,11,100,0,0,0,0,1,4,4,NULL
473,49,"Aamer Yamin",2,2,0,2,1,No,1,4,50,0,0,0,0,0,3,2,NULL
474,190,"Agha Salman",8,8,0,166,50,No,20.75,157,105.73,0,1,0,13,5,3,2,NULL
475,69,"Ahmed Shehzad",10,9,0,173,38,No,19.22,203,85.22,0,0,1,16,3,3,1,NULL
476,1,"Amad Butt",5,1,1,13,13,Yes,NULL,14,92.85,0,0,0,1,0,3,4,NULL
477,71,"Anwar Ali",11,8,2,66,28,Yes,11,48,137.5,0,0,0,4,4,3,5,NULL
478,164,"Jofra Archer",2,1,0,5,5,No,5,4,125,0,0,0,1,0,3,5,NULL
479,72,"Asad Shafiq",8,8,1,116,38,Yes,16.57,116,100,0,0,1,13,3,3,5,NULL
480,85,"Asif Ali",12,11,4,213,45,No,30.42,126,169.04,0,0,0,13,16,3,4,NULL
481,2,"Babar Azam",12,11,1,402,66,No,40.2,329,122.18,0,5,2,33,12,3,6,NULL
482,73,"Bilal Asif",1,NULL," ",NULL,NULL,No,NULL,NULL,NULL,NULL,NULL,NULL,NULL,NULL,3,2,NULL
483,19,"Ravi Bopara",10,8,4,123,50,Yes,30.75,110,111.81,0,1,1,10,2,3,6,NULL
484,35,"Dwayne Bravo",5,2,1,15,9,Yes,15,13,115.38,0,0,0,1,1,3,1,NULL
485,207,"Danish Aziz",1,NULL," ",NULL,NULL,No,NULL,NULL,NULL,NULL,NULL,NULL,NULL,NULL,3,6,NULL
486,153,"Liam Dawson",9,7,0,145,62,No,20.71,108,134.25,0,1,0,7,9,3,3,NULL
487,37,"Cameron Delport",2,2,0,18,15,No,9,12,150,0,0,0,0,2,3,2,NULL
488,139,"Joe Denly",12,11,1,323,79,Yes,32.3,257,125.68,0,3,1,40,9,3,6,NULL
489,144,"Anton Devcich",5,5,0,196,70,No,39.2,124,158.06,0,2,0,18,11,3,2,NULL
490,131,"Jean-Paul Duminy",10,9,2,251,73,Yes,35.85,249,100.8,0,2,0,22,8,3,4,NULL
491,132,"Faheem Ashraf",12,8,4,111,54,Yes,27.75,85,130.58,0,1,1,8,6,3,4,NULL
492,107,"Fakhar Zaman",10,10,0,277,94,No,27.7,188,147.34,0,1,1,23,16,3,2,NULL
493,87,"Steven Finn",5,1,0,0,0,No,0,1,0,0,0,1,0,0,3,4,NULL
494,117,"Andre Fletcher",5,5,0,86,34,No,17.2,72,119.44,0,0,0,8,4,3,3,NULL
495,145,"Gulraiz Sadaf",5,5,2,110,42,Yes,36.66,121,90.9,0,0,0,8,3,3,2,NULL
496,133,"Alex Hales",4,4,0,87,46,No,21.75,65,133.84,0,0,0,11,2,3,4,NULL
497,39,"Hammad Azam",2,2,1,3,3,Yes,3,4,75,0,0,1,0,0,3,3,NULL
498,118,"Haris Sohail",3,3,0,19,14,No,6.33,26,73.07,0,0,0,0,1,3,3,NULL
499,53,"Hasan Ali",9,5,1,28,15,No,7,21,133.33,0,0,0,2,1,3,3,NULL
500,124,"Hassan Khan",11,6,4,42,17,Yes,21,30,140,0,0,2,0,2,3,5,NULL
501,88,"Hussain Talat",12,10,4,201,48,Yes,33.5,153,131.37,0,0,0,14,9,3,4,NULL
502,154,"Ibtisam Sheikh",4,2,1,2,2,No,2,6,33.33,0,0,0,0,0,3,3,NULL
503,20,"Iftikhar Ahmed",1,1,0,9,9,No,9,15,60,0,0,0,1,0,3,4,NULL
504,21,"Imad Wasim",8,6,2,69,35,No,17.25,56,123.21,0,0,0,4,3,3,6,NULL
505,54,"Imran Khan",1,NULL," ",NULL,NULL,No,NULL,NULL,NULL,NULL,NULL,NULL,NULL,NULL,3,2,NULL
506,265,"Imran Tahir",10,4,2,13,7,Yes,6.5,23,56.52,0,0,0,1,0,3,1,NULL
507,140,"Colin Ingram",12,11,4,243,68,Yes,34.71,173,140.46,0,1,1,15,16,3,6,NULL
508,67,"Chris Jordan",5,4,2,38,36,No,19,34,111.76,0,0,0,1,3,3,3,NULL
509,55,"Junaid Khan",8,3,1,4,2,Yes,2,7,57.14,0,0,0,0,0,3,1,NULL
510,44,"Umar Akmal",13,13,2,425,107,Yes,38.63,277,153.42,1,4,3,41,28,3,3,NULL
511,155,"Khalid Usman",2,1,1,7,7,Yes,NULL,9,77.77,0,0,0,0,0,3,3,NULL
512,98,"Khurram Manzoor",7,6,0,121,51,No,20.16,122,99.18,0,1,0,12,2,3,6,NULL
513,119,"Khushdil Shah",2,2,0,12,8,No,6,18,66.66,0,0,0,1,0,3,3,NULL
514,303,"Tom Kohler-Cadmore",1,1,0,5,5,No,5,5,100,0,0,0,1,0,3,5,NULL
515,147,"Mitchell McClenaghan",4,1,0,4,4,No,4,2,200,0,0,0,1,0,3,2,NULL
516,105,"Brendon McCullum",10,10,2,218,44,No,27.25,197,110.65,0,0,1,14,13,3,2,NULL
517,125,"Mahmudullah ",3,2,0,34,19,No,17,33,103.03,0,0,0,3,1,3,5,NULL
518,127,"Tymal Mills",8,1,1,5,5,Yes,NULL,2,250,0,0,0,1,0,3,6,NULL
519,22,"Mir Hamza",3,1,0,0,0,No,0,1,0,0,0,1,0,0,3,5,NULL
520,9,"Misbah-ul-Haq ",8,4,1,57,22,No,19,76,75,0,0,0,5,1,3,4,NULL
521,23,"Mohammad Amir",11,2,2,6,6,Yes,NULL,7,85.71,0,0,0,1,0,3,6,NULL
522,58,"Mohammad Asghar",5,1,1,0,0,Yes,NULL,2,0,0,0,0,0,0,3,3,NULL
523,59,"Mohammad Hafeez",13,12,1,298,59,No,27.09,258,115.5,0,2,1,27,11,3,3,NULL
524,10,"Mohammad Irfan",10,4,0,8,6,No,2,14,57.14,0,0,2,1,0,3,1,NULL
525,10,"Mohammad Irfan",11,5,3,17,16,Yes,8.5,15,113.33,0,0,2,1,1,3,6,NULL
526,77,"Mohammad Nawaz",11,8,2,127,35,No,21.16,123,103.25,0,0,0,10,6,3,5,NULL
527,312,"Mohammad Rizwan",12,6,2,88,26,Yes,22,75,117.33,0,0,0,5,2,3,6,NULL
528,11,"Mohammad Sami",11,2,1,6,6,No,6,10,60,0,0,0,0,0,3,4,NULL
529,120,"Eoin Morgan",3,3,0,28,21,No,9.33,29,96.55,0,0,0,3,0,3,6,NULL
530,20,"Iftikhar Ahmed",1,1,0,1,1,No,1,3,33.33,0,0,0,0,0,3,6,NULL
531,41,"Mustafizur Rahman",5,5,4,1,1,Yes,1,9,11.11,0,0,1,0,0,3,2,NULL
532,111,"Sunil Narine",9,8,1,98,28,No,14,66,148.48,0,0,1,11,4,3,2,NULL
533,121,"Samit Patel",9,4,1,56,23,No,18.66,54,103.7,0,0,0,8,0,3,4,NULL
534,129,"Thisara Perera",1,1,0,12,12,No,12,11,109.09,0,0,0,0,1,3,5,NULL
535,78,"Kevin Pietersen",9,8,0,155,52,No,19.37,115,134.78,0,1,0,13,7,3,5,NULL
536,100,"Kieron Pollard",10,8,3,165,73,No,33,110,150,0,1,1,14,10,3,1,NULL
537,101,"Rahat Ali",11,1,0,0,0,No,0,1,0,0,0,1,0,0,3,5,NULL
538,149,"Raza Hasan",2,2,0,4,4,No,2,12,33.33,0,0,1,0,0,3,2,NULL
539,130,"Rilee Rossouw",10,9,2,200,42,No,28.57,161,124.22,0,0,0,10,12,3,5,NULL
540,112,"Jason Roy",2,2,0,53,36,No,26.5,48,110.41,0,0,0,5,3,3,5,NULL
541,12,"Rumman Raees",3,1,1,11,11,Yes,NULL,10,110,0,0,0,2,0,3,4,NULL
542,13,"Andre Russell",4,3,0,26,15,No,8.66,20,130,0,0,1,2,1,3,4,NULL
543,79,"Saad Nasim",5,5,1,65,35,No,16.25,47,138.29,0,0,0,7,3,3,3,NULL
544,158,"Sabbir Rahman",2,1,0,11,11,No,11,11,100,0,0,0,1,0,3,3,NULL
545,137,"Sahibzada Farhan",6,5,1,91,44,No,22.75,78,116.66,0,0,0,7,4,3,4,NULL
546,113,"Saif Badar",10,4,0,21,13,No,5.25,23,91.3,0,0,2,1,1,3,1,NULL
547,150,"Salman Irshad",3,3,0,8,6,No,2.66,6,133.33,0,0,0,0,1,3,2,NULL
548,159,"Sameen Gul",8,2,2,3,2,Yes,NULL,6,50,0,0,0,0,0,3,3,NULL
549,61,"Daren Sammy",11,10,3,159,36,Yes,22.71,87,182.75,0,0,1,13,13,3,3,NULL
550,93,"Kumar Sangakkara",10,9,1,269,63,No,33.62,215,125.11,0,3,1,27,10,3,1,NULL
551,20,"Iftikhar Ahmed",11,9,3,223,45,Yes,37.16,172,129.65,0,0,0,20,5,3,5,NULL
552,91,"Shadab Khan",12,8,0,65,32,No,8.12,63,103.17,0,0,1,3,3,3,4,NULL
553,151,"Shaheen Shah",7,3,0,1,1,No,0.33,9,11.11,0,0,2,0,0,3,2,NULL
554,62,"Shahid Afridi",9,6,1,47,26,No,9.4,31,151.61,0,0,0,0,6,3,6,NULL
555,17,"Shoaib Malik",10,8,2,224,65,Yes,37.33,180,124.44,0,1,0,11,10,3,1,NULL
556,28,"Lendl Simmons",2,2,0,59,55,No,29.5,52,113.46,0,1,0,8,1,3,6,NULL
557,92,"Dwayne Smith",10,9,1,252,71,Yes,31.5,199,126.63,0,1,0,20,16,3,3,NULL
558,43,"Sohaib Maqsood",10,9,2,204,85,Yes,29.14,160,127.5,0,1,0,16,11,3,1,NULL
559,152,"Sohail Akhtar",9,8,4,122,30,Yes,30.5,101,120.79,0,0,0,9,7,3,2,NULL
560,29,"Sohail Khan",7,5,1,14,9,Yes,3.5,28,50,0,0,2,0,1,3,2,NULL
561,30,"Sohail Tanvir",10,6,2,75,34,Yes,18.75,61,122.95,0,0,0,5,5,3,1,NULL
562,65,"Tamim Iqbal",6,6,1,161,39,No,32.2,154,104.54,0,0,0,18,3,3,3,NULL
563,161,"Umaid Asif",12,5,1,39,25,No,9.75,29,134.48,0,0,1,2,3,3,3,NULL
564,44,"Umar Akmal",5,5,0,57,31,No,11.4,57,100,0,0,0,6,1,3,2,NULL
565,15,"Umar Amin",6,6,1,97,31,No,19.4,96,101.04,0,0,0,9,1,3,5,NULL
566,80,"Umar Gul",2,1,0,10,10,No,10,6,166.66,0,0,0,0,1,3,1,NULL
567,31,"Usama Mir",2,1,0,9,9,No,9,11,81.81,0,0,0,1,0,3,6,NULL
568,104,"Usman Shinwari",10,NULL," ",NULL,NULL,No,NULL,NULL,NULL,NULL,NULL,NULL,NULL,NULL,3,6,NULL
569,201,"Hardus Viljoen",2,1,0,2,2,No,2,7,28.57,0,0,0,0,0,3,1,NULL
570,66,"Wahab Riaz",13,7,3,97,33,Yes,24.25,59,164.4,0,0,1,12,2,3,3,NULL
571,138,"Chadwick Walton",5,5,0,68,28,No,13.6,55,123.63,0,0,1,8,2,3,4,NULL
572,16,"Shane Watson",10,10,1,319,90,Yes,35.44,236,135.16,0,2,0,25,22,3,5,NULL
573,162,"Riki Wessels",4,4,1,68,31,Yes,22.66,62,109.67,0,0,0,8,1,3,3,NULL
574,143,"David Wiese",1,1,0,5,5,No,5,6,83.33,0,0,0,1,0,3,6,NULL
575,45,"Yasir Shah",10,5,0,11,6,No,2.2,18,61.11,0,0,2,1,0,3,2,NULL
576,46,"Zafar Gohar",2,1,0,3,3,No,3,7,42.85,0,0,0,0,0,3,4,NULL
577,49,"Aamer Yamin",3,2,0,25,25,No,12.5,26,96.15,0,0,1,2,2,2,2,NULL
578,94,"Abrar Ahmed",2,NULL," ",NULL,NULL,No,NULL,NULL,NULL,NULL,NULL,NULL,NULL,NULL,2,6,NULL
579,69,"Ahmed Shehzad",10,9,0,242,71,No,26.88,183,132.24,0,3,1,22,10,2,5,NULL
580,1,"Amad Butt",4,3,1,25,17,No,12.5,25,100,0,0,0,2,1,2,4,NULL
581,71,"Anwar Ali",9,5,2,57,20,No,19,44,129.54,0,0,0,6,1,2,5,NULL
582,72,"Asad Shafiq",7,6,0,147,51,No,24.5,135,108.88,0,1,0,17,1,2,5,NULL
583,85,"Asif Ali",4,4,0,46,39,No,11.5,43,106.97,0,0,0,4,1,2,4,NULL
584,2,"Babar Azam",10,10,1,291,50,No,32.33,259,112.35,0,1,0,36,4,2,6,NULL
585,3,"Samuel Badree",1,NULL," ",NULL,NULL,No,NULL,NULL,NULL,NULL,NULL,NULL,NULL,NULL,2,4,NULL
586,18,"Bilawal Bhatti",5,2,0,2,1,No,1,7,28.57,0,0,0,0,0,2,2,NULL
587,19,"Ravi Bopara",10,10,1,119,33,No,13.22,123,96.74,0,0,0,12,2,2,6,NULL
588,37,"Cameron Delport",4,4,1,82,35,Yes,27.33,56,146.42,0,0,0,9,3,2,2,NULL
589,86,"Ben Duckett",2,2,0,30,16,No,15,34,88.23,0,0,0,4,0,2,4,NULL
590,106,"Grant Elliott",7,7,1,74,26,Yes,12.33,79,93.67,0,0,2,5,1,2,2,NULL
591,107,"Fakhar Zaman",8,8,0,177,56,No,22.12,128,138.28,0,1,1,19,6,2,2,NULL
592,38,"Chris Gayle",9,9,0,160,44,No,17.77,139,115.1,0,0,0,8,14,2,6,NULL
593,109,"Ghulam Mudassar",1,1,1,1,1,Yes,NULL,1,100,0,0,0,0,0,2,2,NULL
594,118,"Haris Sohail",3,3,1,31,13,Yes,15.5,44,70.45,0,0,0,1,0,2,3,NULL
595,53,"Hasan Ali",11,5,2,23,10,No,7.66,11,209.09,0,0,1,4,1,2,3,NULL
596,124,"Hassan Khan",10,4,1,26,16,No,8.66,26,100,0,0,0,1,1,2,5,NULL
597,88,"Hussain Talat",2,2,0,67,56,No,33.5,51,131.37,0,1,0,6,2,2,4,NULL
598,20,"Iftikhar Ahmed",3,3,0,15,14,No,5,25,60,0,0,1,1,0,2,3,NULL
599,21,"Imad Wasim",10,8,4,83,24,No,20.75,62,133.87,0,0,1,6,4,2,6,NULL
600,6,"Imran Khalid",3,1,0,1,1,No,1,1,100,0,0,0,0,0,2,4,NULL
601,54,"Imran Khan",1,1,1,0,0,Yes,NULL,0,NULL,0,0,0,0,0,2,3,NULL
602,96,"Mahela Jayawardene",1,1,0,10,10,No,10,8,125,0,0,0,1,0,2,6,NULL
603,67,"Chris Jordan",6,4,3,26,16,Yes,26,30,86.66,0,0,1,2,1,2,3,NULL
604,55,"Junaid Khan",3,2,2,1,1,Yes,NULL,2,50,0,0,0,0,0,2,3,NULL
605,44,"Umar Akmal",11,11,0,353,104,No,32.09,273,129.3,1,2,2,32,16,2,3,NULL
606,97,"Kashif Bhatti",1,NULL," ",NULL,NULL,No,NULL,NULL,NULL,NULL,NULL,NULL,NULL,NULL,2,6,NULL
607,119,"Khushdil Shah",2,1,0,1,1,No,1,5,20,0,0,0,0,0,2,3,NULL
608,105,"Brendon McCullum",8,7,0,93,31,No,13.28,75,124,0,0,2,14,2,2,2,NULL
609,125,"Mahmudullah ",6,3,2,37,29,Yes,37,26,142.3,0,0,1,3,1,2,5,NULL
610,57,"Dawid Malan",6,6,0,175,56,No,29.16,126,138.88,0,1,0,21,6,2,3,NULL
611,127,"Tymal Mills",5,2,1,1,1,Yes,1,2,50,0,0,1,0,0,2,5,NULL
612,22,"Mir Hamza",1,NULL," ",NULL,NULL,No,NULL,NULL,NULL,NULL,NULL,NULL,NULL,NULL,2,5,NULL
613,9,"Misbah-ul-Haq ",9,8,1,158,61,Yes,22.57,142,111.26,0,1,0,7,9,2,4,NULL
614,23,"Mohammad Amir",10,4,4,24,11,Yes,NULL,18,133.33,0,0,0,2,1,2,6,NULL
615,58,"Mohammad Asghar",7,NULL," ",NULL,NULL,No,NULL,NULL,NULL,NULL,NULL,NULL,NULL,NULL,2,3,NULL
616,59,"Mohammad Hafeez",10,9,0,153,77,No,17,154,99.35,0,1,2,15,6,2,3,NULL
617,10,"Mohammad Irfan",8,1,1,0,0,Yes,NULL,2,0,0,0,0,0,0,2,4,NULL
618,10,"Mohammad Irfan",7,4,1,4,3,Yes,1.33,6,66.66,0,0,2,0,0,2,2,NULL
619,77,"Mohammad Nawaz",10,4,1,20,18,No,6.66,17,117.64,0,0,1,0,1,2,5,NULL
620,312,"Mohammad Rizwan",8,7,2,130,46,Yes,26,107,121.49,0,0,0,9,5,2,2,NULL
621,11,"Mohammad Sami",9,5,2,2,1,Yes,0.66,4,50,0,0,2,0,0,2,4,NULL
622,120,"Eoin Morgan",6,6,1,136,80,Yes,27.2,131,103.81,0,1,0,14,4,2,3,NULL
623,111,"Sunil Narine",8,7,1,116,26,Yes,19.33,64,181.25,0,0,0,6,11,2,2,NULL
624,129,"Thisara Perera",6,4,1,40,27,No,13.33,34,117.64,0,0,0,3,1,2,5,NULL
625,78,"Kevin Pietersen",9,8,1,241,88,Yes,34.42,159,151.57,0,2,3,15,14,2,5,NULL
626,100,"Kieron Pollard",10,9,4,201,47,No,40.2,117,171.79,0,0,0,15,11,2,6,NULL
627,130,"Rilee Rossouw",9,8,2,255,76,Yes,42.5,207,123.18,0,2,0,18,9,2,5,NULL
628,112,"Jason Roy",5,5,1,173,60,Yes,43.25,114,151.75,0,2,0,21,6,2,2,NULL
629,12,"Rumman Raees",7,1,0,0,0,No,0,4,0,0,0,1,0,0,2,4,NULL
630,79,"Saad Nasim",3,3,0,18,9,No,6,16,112.5,0,0,0,2,0,2,5,NULL
631,90,"Saeed Ajmal",4,NULL," ",NULL,NULL,No,NULL,NULL,NULL,NULL,NULL,NULL,NULL,NULL,2,4,NULL
632,61,"Daren Sammy",11,9,4,120,34,No,24,93,129.03,0,0,1,7,8,2,3,NULL
633,122,"Marlon Samuels",5,5,1,81,37,Yes,20.25,67,120.89,0,0,0,5,3,2,3,NULL
634,93,"Kumar Sangakkara",10,10,0,215,65,No,21.5,181,118.78,0,1,0,20,5,2,6,NULL
635,20,"Iftikhar Ahmed",10,9,2,183,56,Yes,26.14,139,131.65,0,1,0,15,5,2,5,NULL
636,91,"Shadab Khan",8,7,3,66,42,No,16.5,41,160.97,0,0,0,2,5,2,4,NULL
637,62,"Shahid Afridi",10,8,1,177,54,No,25.28,102,173.52,0,1,1,9,15,2,3,NULL
638,102,"Shahzaib Hasan",2,2,0,19,19,No,9.5,16,118.75,0,0,1,3,0,2,6,NULL
639,27,"Shakib Al",5,4,0,54,30,No,13.5,48,112.5,0,0,0,5,1,2,3,NULL
640,14,"Sharjeel Khan",1,1,0,1,1,No,1,4,25,0,0,0,0,0,2,4,NULL
641,17,"Shoaib Malik",10,10,1,202,51,Yes,22.44,166,121.68,0,1,1,11,7,2,6,NULL
642,92,"Dwayne Smith",9,9,1,274,72,Yes,34.25,242,113.22,0,2,1,29,10,2,4,NULL
643,43,"Sohaib Maqsood",6,5,1,35,30,Yes,8.75,38,92.1,0,0,3,3,1,2,3,NULL
644,29,"Sohail Khan",9,5,2,16,10,No,5.33,14,114.28,0,0,1,0,1,2,6,NULL
645,30,"Sohail Tanvir",8,6,3,68,36,Yes,22.66,66,103.03,0,0,0,4,2,2,2,NULL
646,65,"Tamim Iqbal",5,5,1,94,62,Yes,23.5,81,116.04,0,1,0,8,4,2,3,NULL
647,44,"Umar Akmal",8,8,0,164,66,No,20.5,132,124.24,0,1,2,15,8,2,2,NULL
648,80,"Umar Gul",2,1,0,2,2,No,2,3,66.66,0,0,0,0,0,2,5,NULL
649,31,"Usama Mir",8,2,1,5,4,Yes,5,3,166.66,0,0,0,1,0,2,6,NULL
650,104,"Usman Shinwari",8,1,0,0,0,No,0,2,0,0,0,1,0,0,2,6,NULL
651,231,"Rassie van",1,1,0,1,1,No,1,7,14.28,0,0,0,0,0,2,5,NULL
652,66,"Wahab Riaz",10,6,2,31,23,No,7.75,37,83.78,0,0,1,3,1,2,3,NULL
653,16,"Shane Watson",9,9,1,171,36,No,21.37,123,139.02,0,0,0,13,10,2,4,NULL
654,81,"Luke Wright",1,1,0,12,12,No,12,7,171.42,0,0,0,1,1,2,5,NULL
655,45,"Yasir Shah",8,4,2,23,22,No,11.5,23,100,0,0,0,2,1,2,2,NULL
656,48,"Zohaib Khan",1,NULL," ",NULL,NULL,No,NULL,NULL,NULL,NULL,NULL,NULL,NULL,NULL,2,4,NULL
657,82,"Zulfiqar Babar",8,2,0,1,1,No,0.5,3,33.33,0,0,1,0,0,2,5,NULL
658,49,"Aamer Yamin",2,NULL," ",NULL,NULL,No,NULL,NULL,NULL,NULL,NULL,NULL,NULL,NULL,1,3,NULL
659,50,"Abdur Rehman",1,NULL," ",NULL,NULL,No,NULL,NULL,NULL,NULL,NULL,NULL,NULL,NULL,1,3,NULL
660,33,"Adnan Rasool",3,NULL," ",NULL,NULL,No,NULL,NULL,NULL,NULL,NULL,NULL,NULL,NULL,1,2,NULL
661,69,"Ahmed Shehzad",10,10,0,290,71,No,29,202,143.56,0,2,0,36,8,1,5,NULL
662,191,"Aizaz Cheema",4,1,1,0,0,Yes,NULL,0,NULL,0,0,0,0,0,1,5,NULL
663,70,"Akbar-ur-Rehman ",7,3,0,15,11,No,5,19,78.94,0,0,0,1,0,1,5,NULL
664,51,"Jim Allenby",2,2,0,38,31,No,19,40,95,0,0,0,5,0,1,3,NULL
665,71,"Anwar Ali",9,6,2,38,13,No,9.5,40,95,0,0,0,1,2,1,5,NULL
666,72,"Asad Shafiq",1,1,0,16,16,No,16,15,106.66,0,0,0,1,1,1,5,NULL
667,85,"Asif Ali",6,3,1,34,31,Yes,17,24,141.66,0,0,1,1,3,1,4,NULL
668,34,"Azhar Ali",7,7,0,183,61,No,26.14,172,106.39,0,1,0,22,3,1,2,NULL
669,253,"Saqib Mahmood",2,2,2,14,12,Yes,NULL,12,116.66,0,0,0,2,0,1,4,NULL
670,2,"Babar Azam",2,2,0,15,15,No,7.5,26,57.69,0,0,1,1,0,1,4,NULL
671,3,"Samuel Badree",6,1,1,2,2,Yes,NULL,2,100,0,0,0,0,0,1,4,NULL
672,18,"Bilawal Bhatti",1,1,1,15,15,Yes,NULL,9,166.66,0,0,0,1,1,1,6,NULL
673,14,"Sharjeel Khan",3,3,0,55,55,No,18.33,35,157.14,0,1,2,10,1,1,5,NULL
674,19,"Ravi Bopara",9,8,2,329,71,Yes,54.83,249,132.12,0,2,0,21,11,1,6,NULL
675,35,"Dwayne Bravo",8,8,3,111,32,No,22.2,98,113.26,0,0,1,9,2,1,2,NULL
676,75,"Elton Chigumbura",5,3,1,10,7,Yes,5,13,76.92,0,0,1,1,0,1,5,NULL
677,36,"Kevon Cooper",7,4,2,10,10,Yes,5,11,90.9,0,0,2,1,0,1,2,NULL
678,37,"Cameron Delport",8,7,0,227,78,No,32.42,186,122.04,0,3,1,22,8,1,2,NULL
679,106,"Grant Elliott",6,5,1,65,40,No,16.25,55,118.18,0,0,0,3,4,1,5,NULL
680,38,"Chris Gayle",5,5,0,103,60,No,20.6,68,151.47,0,1,2,7,8,1,2,NULL
681,39,"Hammad Azam",3,3,2,18,18,Yes,18,12,150,0,0,1,2,0,1,2,NULL
682,53,"Hasan Ali",3,2,0,6,5,No,3,7,85.71,0,0,0,1,0,1,3,NULL
683,20,"Iftikhar Ahmed",4,3,1,27,19,No,13.5,34,79.41,0,0,0,2,0,1,6,NULL
684,21,"Imad Wasim",8,7,0,48,29,No,6.85,34,141.17,0,0,3,7,1,1,6,NULL
685,6,"Imran Khalid",9,4,0,38,18,No,9.5,42,90.47,0,0,0,1,2,1,4,NULL
686,54,"Imran Khan",1,NULL," ",NULL,NULL,No,NULL,NULL,NULL,NULL,NULL,NULL,NULL,NULL,1,3,NULL
687,55,"Junaid Khan",6,3,3,2,1,Yes,NULL,5,40,0,0,0,0,0,1,3,NULL
688,44,"Umar Akmal",10,9,0,151,45,No,16.77,147,102.72,0,0,0,12,5,1,3,NULL
689,7,"Kamran Ghulam",2,1,0,9,9,No,9,12,75,0,0,0,0,0,1,4,NULL
690,8,"Khalid Latif",9,7,1,206,59,No,34.33,173,119.07,0,1,0,11,9,1,4,NULL
691,105,"Brendon McCullum",2,2,1,1,1,No,1,4,25,0,0,0,0,0,1,5,NULL
692,57,"Dawid Malan",8,8,2,163,60,Yes,27.16,169,96.44,0,1,0,11,5,1,3,NULL
693,22,"Mir Hamza",4,1,1,0,0,Yes,NULL,0,NULL,0,0,0,0,0,1,6,NULL
694,9,"Misbah-ul-Haq ",9,7,2,166,41,No,33.2,131,126.71,0,0,0,21,3,1,4,NULL
695,23,"Mohammad Amir",7,3,3,10,5,Yes,NULL,10,100,0,0,0,2,0,1,6,NULL
696,58,"Mohammad Asghar",9,2,1,1,1,Yes,1,3,33.33,0,0,1,0,0,1,3,NULL
697,59,"Mohammad Hafeez",10,10,0,220,59,No,22,179,122.9,0,1,0,26,8,1,3,NULL
698,10,"Mohammad Irfan",6,1,1,0,0,Yes,NULL,1,0,0,0,0,0,0,1,4,NULL
699,76,"Mohammad Nabi",8,4,1,47,30,Yes,15.66,37,127.02,0,0,0,4,2,1,5,NULL
700,77,"Mohammad Nawaz",10,9,2,120,42,No,17.14,125,96,0,0,1,8,4,1,5,NULL
701,312,"Mohammad Rizwan",8,5,1,103,50,Yes,25.75,81,127.16,0,1,1,9,4,1,2,NULL
702,11,"Mohammad Sami",7,2,2,23,20,Yes,NULL,12,191.66,0,0,0,2,1,1,4,NULL
703,24,"Mushfiqur Rahim",3,3,1,49,33,No,24.5,39,125.64,0,0,0,4,1,1,6,NULL
704,25,"Nauman Anwar",5,5,0,55,35,No,11,52,105.76,0,0,2,6,3,1,6,NULL
705,42,"Naved Yasin",5,3,1,27,25,No,13.5,33,81.81,0,0,1,2,1,1,2,NULL
706,78,"Kevin Pietersen",9,9,1,215,53,No,26.87,165,130.3,0,1,1,15,9,1,5,NULL
707,12,"Rumman Raees",8,2,1,6,4,Yes,6,10,60,0,0,0,0,0,1,4,NULL
708,13,"Andre Russell",10,9,2,84,35,Yes,12,72,116.66,0,0,0,7,5,1,4,NULL
709,90,"Saeed Ajmal",6,3,2,20,10,Yes,20,16,125,0,0,0,1,1,1,4,NULL
710,26,"Saifullah Bangash",5,2,1,0,0,Yes,0,2,0,0,0,1,0,0,1,6,NULL
711,61,"Daren Sammy",10,7,2,140,48,No,28,92,152.17,0,0,0,10,10,1,3,NULL
712,93,"Kumar Sangakkara",4,4,0,129,55,No,32.25,89,144.94,0,1,1,17,2,1,5,NULL
713,20,"Iftikhar Ahmed",10,9,3,168,51,Yes,28,146,115.06,0,1,1,14,2,1,5,NULL
714,62,"Shahid Afridi",10,7,1,87,38,No,14.5,55,158.18,0,0,1,5,6,1,3,NULL
715,63,"Shahid Yousuf",9,6,1,99,27,Yes,19.8,97,102.06,0,0,0,9,1,1,3,NULL
716,102,"Shahzaib Hasan",2,2,0,45,27,No,22.5,36,125,0,0,0,4,2,1,6,NULL
717,27,"Shakib Al",8,8,1,126,51,No,18,120,105,0,1,0,6,3,1,6,NULL
718,14,"Sharjeel Khan",11,11,1,299,117,No,29.9,201,148.75,1,1,0,27,19,1,4,NULL
719,17,"Shoaib Malik",9,9,2,157,45,No,22.42,142,110.56,0,0,1,9,7,1,6,NULL
720,28,"Lendl Simmons",6,6,1,151,62,Yes,30.2,135,111.85,0,1,0,18,6,1,6,NULL
721,92,"Dwayne Smith",4,4,1,153,73,No,51,143,106.99,0,2,0,16,5,1,4,NULL
722,43,"Sohaib Maqsood",2,2,0,79,57,No,39.5,71,111.26,0,1,0,5,3,1,2,NULL
723,29,"Sohail Khan",5,3,1,21,7,Yes,10.5,20,105,0,0,0,1,1,1,6,NULL
724,30,"Sohail Tanvir",6,4,1,33,23,No,11,29,113.79,0,0,0,3,2,1,6,NULL
725,64,"Shaun Tait",9,2,2,0,0,Yes,NULL,0,NULL,0,0,0,0,0,1,3,NULL
726,65,"Tamim Iqbal",6,6,2,267,80,Yes,66.75,232,115.08,0,3,0,24,5,1,3,NULL
727,44,"Umar Akmal",7,7,3,335,93,No,83.75,213,157.27,0,4,0,27,17,1,2,NULL
728,15,"Umar Amin",2,2,0,4,4,No,2,10,40,0,0,1,0,0,1,4,NULL
729,80,"Umar Gul",6,2,0,0,0,No,0,3,0,0,0,2,0,0,1,5,NULL
730,31,"Usama Mir",7,5,1,13,10,No,3.25,13,100,0,0,2,1,0,1,6,NULL
731,32,"James Vince",7,7,0,111,44,No,15.85,106,104.71,0,0,0,8,3,1,6,NULL
732,66,"Wahab Riaz",9,5,3,56,22,No,28,39,143.58,0,0,0,5,1,1,3,NULL
733,16,"Shane Watson",6,6,0,194,79,No,32.33,167,116.16,0,1,0,16,11,1,4,NULL
734,162,"Riki Wessels",2,2,0,4,3,No,2,11,36.36,0,0,0,0,0,1,6,NULL
735,81,"Luke Wright",6,6,1,169,86,Yes,33.8,134,126.11,0,1,0,19,6,1,5,NULL
736,46,"Zafar Gohar",6,2,1,1,1,No,1,4,25,0,0,0,0,0,1,2,NULL
737,47,"Zia-ul-Haq ",3,NULL," ",NULL,NULL,No,NULL,NULL,NULL,NULL,NULL,NULL,NULL,NULL,1,2,NULL
738,48,"Zohaib Khan",7,4,3,18,10,Yes,18,13,138.46,0,0,1,1,0,1,2,NULL
739,82,"Zulfiqar Babar",10,4,3,22,20,Yes,22,14,157.14,0,0,1,1,1,1,5,NULL
