Player_bowling_id,matches,innings,overs,maidens,runs,wickets,best_bowling,average,economy,strike_rate,four_wkts,five_wkts,catches,stumps,Season_Id,Team_Id,Name,Player_Id
1,5,1,1,0,3,0,NULL,NULL,3,NULL,0,0,3,0,7,1,"Aamer Azmat",350
2,4,3,5,0,79,2,44949,39.5,15.8,15,0,0,1,0,6,6,"Aamer Yamin",49
3,3,3,8,1,48,3,44974,16,5.87,16.3,0,0,0,0,5,6,"Aamer Yamin",49
4,8,8,28,0,230,6,13575,38.33,8.21,28,0,0,3,0,4,6,"Aamer Yamin",49
5,2,2,3,0,42,0,NULL,NULL,14,NULL,0,0,1,0,3,2,"Aamer Yamin",49
6,2,2,7,0,54,1,44947,54,7.71,42,0,0,0,0,2,3,"Aamer Yamin",49
7,2,2,7,0,54,1,44947,54,7.71,42,0,0,0,0,1,3,"Aamer Yamin",49
8,5,5,11,0,113,1,13150,113,10.27,66,0,0,1,0,7,6,"Aamer Yamin",49
9,4,4,10,0,102,4,44984,25.5,10.2,15,0,0,1,0,6,6,"Abbas Afridi",277
10,1,1,3,0,26,0,NULL,NULL,8.66,NULL,0,0,2,0,5,5,"Abdul Nasir",258
11,3,2,2,0,20,0,NULL,NULL,9.23,NULL,0,0,0,0,4,2,"Agha Salman",190
12,1,1,3,0,28,0,NULL,NULL,9.33,NULL,0,0,1,0,2,3,"Abdur Rehman",50
13,1,1,3,0,28,0,NULL,NULL,9.33,NULL,0,0,1,0,1,3,"Abdur Rehman",50
14,5,5,15,0,127,3,44946,42.33,8.46,30,0,0,0,0,7,1,"Abbas Afridi",277
15,1,1,4,0,15,1,44941,15,3.75,24,0,0,0,0,6,5,"Abdul Nasir",258
16,1,NULL,NULL,NULL,NULL,NULL,NULL,NULL,NULL,NULL,NULL,NULL,0,0,5,3,"Adil Amin",246
17,8,NULL,NULL,NULL,NULL,NULL,NULL,NULL,NULL,NULL,NULL,NULL,5,0,4,5,"Ahmed Shehzad",69
18,8,2,2,0,13,0,NULL,NULL,6.5,NULL,0,0,1,0,3,2,"Agha Salman",190
19,3,2,6,0,67,0,NULL,NULL,11.16,NULL,0,0,0,0,2,2,"Adnan Rasool",33
20,3,2,6,0,67,0,NULL,NULL,11.16,NULL,0,0,0,0,1,2,"Adnan Rasool",33
21,11,NULL,NULL,NULL,NULL,NULL,NULL,NULL,NULL,NULL,NULL,NULL,7,0,7,2,"Abdullah Shafique",335
22,2,2,7,0,62,3,44999,20.66,8.85,14,0,0,0,0,6,3,"Abrar Ahmed",94
23,3,3,8,0,65,4,44974,16.25,8.12,12,0,0,0,0,5,4,"Ahmed Safi",228
24,8,1,1,0,9,1,44935,9,9,6,0,0,5,0,4,5,"Ahsan Ali",206
25,10,NULL,NULL,NULL,NULL,NULL,NULL,NULL,NULL,NULL,NULL,NULL,7,0,3,1,"Ahmed Shehzad",69
26,10,NULL,NULL,NULL,NULL,NULL,NULL,NULL,NULL,NULL,NULL,NULL,4,0,2,5,"Ahmed Shehzad",69
27,10,NULL,NULL,NULL,NULL,NULL,NULL,NULL,NULL,NULL,NULL,NULL,4,0,1,5,"Ahmed Shehzad",69
28,1,NULL,NULL,NULL,NULL,NULL,NULL,NULL,NULL,NULL,NULL,NULL,0,0,7,5,"Abdul Bangalzai",344
29,4,NULL,NULL,NULL,NULL,NULL,NULL,NULL,NULL,NULL,NULL,NULL,2,0,6,2,"Agha Salman",190
30,7,NULL,NULL,NULL,NULL,NULL,NULL,NULL,NULL,NULL,NULL,NULL,3,0,5,5,"Ahmed Shehzad",69
31,1,1,3,0,32,0,NULL,NULL,10.66,NULL,0,0,0,0,4,2,"Aizaz Cheema",191
32,5,5,13,0,116,5,10990,23.2,8.81,15.8,0,0,1,0,3,4,"Amad Butt",1
33,4,4,14,0,104,6,44971,17.33,7.42,14,0,0,3,0,2,5,"Aizaz Cheema",191
34,4,4,14,0,104,6,44971,17.33,7.42,14,0,0,3,0,1,5,"Aizaz Cheema",191
35,8,NULL,NULL,NULL,NULL,NULL,NULL,NULL,NULL,NULL,NULL,NULL,2,0,7,5,"Ahsan Ali",206
36,10,10,35,0,330,6,47150,55,9.42,35,0,0,1,0,6,2,"Ahmed Daniyal",287
37,3,NULL,NULL,NULL,NULL,NULL,NULL,NULL,NULL,NULL,NULL,NULL,1,0,5,5,"Ahsan Ali",206
38,11,10,27,0,205,7,44978,29.28,7.4,23.7,0,0,5,0,3,5,"Anwar Ali",71
39,7,3,4,0,29,0,NULL,NULL,7.25,NULL,0,0,3,0,2,5,"Akbar-ur-Rehman ",70
40,7,3,4,0,29,0,NULL,NULL,7.25,NULL,0,0,3,0,1,5,"Akbar-ur-Rehman ",70
41,5,5,19,0,160,6,15766,26.66,8.42,19,0,0,1,0,6,4,"Akif Javed",229
42,6,5,15,0,125,4,44946,31.25,8.33,22.5,0,0,1,0,5,4,"Akif Javed",229
43,2,2,8,0,67,4,14671,16.75,8.37,12,0,0,3,0,4,4,"Amad Butt",1
44,2,2,8,0,53,5,45008,10.6,6.62,9.6,0,0,1,0,3,5,"Jofra Archer",164
45,2,NULL,NULL,NULL,NULL,NULL,NULL,NULL,NULL,NULL,NULL,NULL,0,0,2,3,"Jim Allenby",51
46,2,NULL,NULL,NULL,NULL,NULL,NULL,NULL,NULL,NULL,NULL,NULL,0,0,1,3,"Jim Allenby",51
47,2,2,6,0,46,1,44946,46,7.66,36,0,0,1,0,7,3,"Amad Butt",1
48,3,3,8,0,70,2,44936,35,8.4,25,0,0,1,0,6,4,"Ali Khan",232
49,3,NULL,NULL,NULL,NULL,NULL,NULL,NULL,NULL,NULL,NULL,NULL,0,0,4,2,"Corey Anderson",192
50,8,NULL,NULL,NULL,NULL,NULL,NULL,NULL,NULL,NULL,NULL,NULL,3,0,3,5,"Asad Shafiq",72
51,9,9,30,1,258,9,12086,28.66,8.64,19.8,0,0,3,0,2,5,"Anwar Ali",71
52,9,9,30,1,258,9,12086,28.66,8.64,19.8,0,0,3,0,1,5,"Anwar Ali",71
53,4,4,9,0,79,2,44937,39.5,8.77,27,0,0,5,0,7,1,"Anwar Ali",71
54,3,3,8,0,83,3,13181,27.66,10.37,16,0,0,1,0,6,3,"Fabian Allen",264
55,1,1,3,0,36,1,13150,36,12,18,0,0,0,0,5,6,"Ali Khan",232
56,3,2,7,0,67,1,44953,67,8.73,46,0,0,0,0,4,5,"Anwar Ali",71
57,12,NULL,NULL,NULL,NULL,NULL,NULL,NULL,NULL,NULL,NULL,NULL,6,0,3,4,"Asif Ali",85
58,1,NULL,NULL,NULL,NULL,NULL,NULL,NULL,NULL,NULL,NULL,NULL,0,0,2,5,"Asad Shafiq",72
59,1,NULL,NULL,NULL,NULL,NULL,NULL,NULL,NULL,NULL,NULL,NULL,0,0,1,5,"Asad Shafiq",72
60,1,1,3,0,36,0,NULL,NULL,12,NULL,0,0,0,0,7,3,"Arish Ali",259
61,4,4,14,0,166,2,44952,83,11.44,43.5,0,0,0,0,6,3,"Amad Butt",1
62,12,NULL,NULL,NULL,NULL,NULL,NULL,NULL,NULL,NULL,NULL,NULL,4,0,4,4,"Asif Ali",85
63,12,NULL,NULL,NULL,NULL,NULL,NULL,NULL,NULL,NULL,NULL,NULL,4,0,3,6,"Babar Azam",2
64,1,1,4,0,30,2,10990,15,7.5,12,0,0,0,0,7,3,"Arshad Iqbal",233
65,1,1,3,0,33,0,NULL,NULL,11,NULL,0,0,0,0,6,5,"Anwar Ali",71
66,5,4,14,0,143,5,45043,28.6,9.75,17.6,1,0,3,0,5,4,"Amad Butt",1
67,2,1,0,0,4,0,NULL,NULL,24,NULL,0,0,0,0,4,6,"Awais Zia",181
68,1,1,2,0,19,0,NULL,NULL,9.5,NULL,0,0,0,0,3,2,"Bilal Asif",73
69,6,NULL,NULL,NULL,NULL,NULL,NULL,NULL,NULL,NULL,NULL,NULL,5,0,2,4,"Asif Ali",85
70,6,NULL,NULL,NULL,NULL,NULL,NULL,NULL,NULL,NULL,NULL,NULL,5,0,1,4,"Asif Ali",85
71,4,2,7,0,61,1,44957,61,8.71,42,0,0,0,0,7,5,"Ashir Qureshi",345
72,1,1,4,0,28,4,45044,7,7,6,1,0,0,0,6,5,"Arish Ali",259
73,3,3,4,0,50,0,NULL,NULL,12.5,NULL,0,0,2,0,5,5,"Anwar Ali",71
74,10,5,10,0,101,4,12844,25.25,10.1,15,0,0,6,0,3,6,"Ravi Bopara",19
75,7,2,5,0,30,0,NULL,NULL,6,NULL,0,0,3,0,2,2,"Azhar Ali",34
76,7,2,5,0,30,0,NULL,NULL,6,NULL,0,0,3,0,1,2,"Azhar Ali",34
77,5,5,19,1,124,8,45004,15.5,6.52,14.2,0,0,1,0,7,1,"Asif Afridi",313
78,9,9,29,1,260,8,45001,32.5,8.96,21.7,0,0,1,0,6,6,"Arshad Iqbal",233
79,7,7,24,0,206,9,44972,22.88,8.46,16.2,0,0,0,0,5,6,"Arshad Iqbal",233
80,11,NULL,NULL,NULL,NULL,NULL,NULL,NULL,NULL,NULL,NULL,NULL,7,0,4,6,"Babar Azam",2
81,5,NULL,NULL,NULL,NULL,NULL,NULL,NULL,NULL,NULL,NULL,NULL,3,0,3,1,"Dwayne Bravo",35
82,12,1,3,0,27,2,44984,13.5,9,9,0,0,7,0,7,4,"Asif Ali",85
83,12,NULL,NULL,NULL,NULL,NULL,NULL,NULL,NULL,NULL,NULL,NULL,2,0,6,4,"Asif Ali",85
84,1,NULL,NULL,NULL,NULL,NULL,NULL,NULL,NULL,NULL,NULL,NULL,0,0,5,1,"Asad Shafiq",72
85,1,NULL,NULL,NULL,NULL,NULL,NULL,NULL,NULL,NULL,NULL,NULL,0,0,4,4,"Ian Bell",171
86,1,1,1,0,16,0,NULL,NULL,16,NULL,0,0,0,0,3,6,"Danish Aziz",207
87,2,NULL,NULL,NULL,NULL,NULL,NULL,NULL,NULL,NULL,NULL,NULL,0,0,2,4,"Babar Azam",2
88,2,NULL,NULL,NULL,NULL,NULL,NULL,NULL,NULL,NULL,NULL,NULL,0,0,1,4,"Babar Azam",2
89,3,3,8,0,49,0,NULL,NULL,6.12,NULL,0,0,1,0,7,4,"Athar Mahmood",323
90,9,NULL,NULL,NULL,NULL,NULL,NULL,NULL,NULL,NULL,NULL,NULL,3,0,5,4,"Asif Ali",85
91,2,1,2,0,33,0,NULL,NULL,16.5,NULL,0,0,2,0,4,6,"Ravi Bopara",19
92,9,8,29,1,242,8,45002,30.25,8.34,21.7,0,0,5,0,3,3,"Liam Dawson",153
93,6,6,23,1,158,4,44946,39.5,6.86,34.5,0,0,1,0,2,4,"Samuel Badree",3
94,6,6,23,1,158,4,44946,39.5,6.86,34.5,0,0,1,0,1,4,"Samuel Badree",3
95,11,NULL,NULL,NULL,NULL,NULL,NULL,NULL,NULL,NULL,NULL,NULL,5,0,6,6,"Babar Azam",2
96,1,1,2,0,25,1,44951,25,12.5,12,0,0,0,0,4,2,"Carlos Brathwaite",193
97,2,NULL,NULL,NULL,NULL,NULL,NULL,NULL,NULL,NULL,NULL,NULL,0,0,3,2,"Cameron Delport",37
98,10,NULL,NULL,NULL,NULL,NULL,NULL,NULL,NULL,NULL,NULL,NULL,9,0,7,6,"Babar Azam",2
99,2,NULL,NULL,NULL,NULL,NULL,NULL,NULL,NULL,NULL,NULL,NULL,0,0,6,5,"Tom Banton",247
100,12,NULL,NULL,NULL,NULL,NULL,NULL,NULL,NULL,NULL,NULL,NULL,8,0,5,6,"Babar Azam",2
101,6,6,24,0,199,7,45004,28.42,8.29,20.5,0,0,2,0,4,5,"Dwayne Bravo",35
102,12,1,2,0,15,0,NULL,NULL,7.5,NULL,0,0,8,0,3,6,"Joe Denly",139
103,1,1,4,0,36,2,13181,18,9,12,0,0,0,0,2,6,"Bilawal Bhatti",18
104,1,1,4,0,36,2,13181,18,9,12,0,0,0,0,1,6,"Bilawal Bhatti",18
105,10,NULL,NULL,NULL,NULL,NULL,NULL,NULL,NULL,NULL,NULL,NULL,5,0,7,2,"Harry Brook",336
106,2,NULL,NULL,NULL,NULL,NULL,NULL,NULL,NULL,NULL,NULL,NULL,0,0,6,3,"Ravi Bopara",19
107,7,NULL,NULL,NULL,NULL,NULL,NULL,NULL,NULL,NULL,NULL,NULL,7,0,5,3,"Tom Banton",247
108,5,2,2,0,31,0,NULL,NULL,15.5,NULL,0,0,1,0,3,2,"Anton Devcich",144
109,2,2,7,0,61,0,NULL,NULL,8.71,NULL,0,0,2,0,7,3,"Pat Brown",341
110,5,5,20,1,159,4,44977,39.75,7.95,30,0,0,2,0,6,1,"Carlos Brathwaite",193
111,2,2,7,0,67,3,45011,22.33,9.57,14,0,0,0,0,5,1,"Bilawal Bhatti",18
112,8,5,10,0,113,5,45004,22.6,10.76,12.6,0,0,4,0,4,1,"Dan Christian",215
113,10,3,9,0,70,1,13881,70,7.77,54,0,0,8,0,3,4,"Jean-Paul Duminy",131
114,6,1,2,0,17,0,NULL,NULL,8.5,NULL,0,0,1,0,5,1,"Ravi Bopara",19
115,1,1,0,0,6,0,NULL,NULL,12,NULL,0,0,0,0,4,5,"Danish Aziz",207
116,12,12,40,1,310,18,45004,17.22,7.75,13.3,0,0,2,0,3,4,"Faheem Ashraf",132
117,9,9,22,0,152,11,45093,13.81,6.9,12,0,1,1,0,2,6,"Ravi Bopara",19
118,9,9,22,0,152,11,45093,13.81,6.9,12,0,1,1,0,1,6,"Ravi Bopara",19
119,8,NULL,NULL,NULL,NULL,NULL,NULL,NULL,NULL,NULL,NULL,NULL,2,1,7,6,"Joe Clarke",284
120,5,5,12,0,134,4,44938,33.5,10.86,18.5,0,0,2,0,6,6,"Dan Christian",215
121,4,4,10,0,83,5,45013,16.6,8.44,11.8,0,0,1,0,5,3,"Carlos Brathwaite",193
122,11,10,23,0,167,3,44931,55.66,7.26,46,0,0,6,0,4,3,"Liam Dawson",153
123,10,3,5,0,32,1,44936,32,6.4,30,0,0,3,0,3,2,"Fakhar Zaman",107
124,8,8,27,0,226,4,45015,56.5,8.37,40.5,0,0,2,0,2,2,"Dwayne Bravo",35
125,8,8,27,0,226,4,45015,56.5,8.37,40.5,0,0,2,0,1,2,"Dwayne Bravo",35
126,3,NULL,NULL,NULL,NULL,NULL,NULL,NULL,NULL,NULL,NULL,NULL,0,0,7,6,"Ian Cockbain",328
127,5,NULL,NULL,NULL,NULL,NULL,NULL,NULL,NULL,NULL,NULL,NULL,5,0,6,6,"Joe Clarke",284
128,7,5,16,0,173,8,45016,21.62,10.81,12,0,0,0,0,5,5,"Ben Cutting",260
129,12,4,9,0,66,4,44981,16.5,7.33,13.5,0,0,1,0,4,4,"Cameron Delport",37
130,5,5,16,0,124,5,12844,24.8,7.75,19.2,0,0,1,0,3,4,"Steven Finn",87
131,5,NULL,NULL,NULL,NULL,NULL,NULL,NULL,NULL,NULL,NULL,NULL,2,0,2,5,"Elton Chigumbura",75
132,5,NULL,NULL,NULL,NULL,NULL,NULL,NULL,NULL,NULL,NULL,NULL,2,0,1,5,"Elton Chigumbura",75
133,9,3,7,0,68,1,13516,68,9.95,41,0,0,8,0,7,3,"Ben Cutting",260
134,5,3,6,0,74,1,44949,74,12.68,35,0,0,3,0,6,5,"Ben Cutting",260
135,4,2,5,0,53,0,NULL,NULL,10.6,NULL,0,0,1,0,5,3,"Liam Dawson",153
136,5,NULL,NULL,NULL,NULL,NULL,NULL,NULL,NULL,NULL,NULL,NULL,1,0,4,2,"Anton Devcich",144
137,5,NULL,NULL,NULL,NULL,NULL,NULL,NULL,NULL,NULL,NULL,NULL,1,0,3,3,"Andre Fletcher",117
138,7,6,17,0,157,6,45010,26.16,9.23,17,0,0,3,0,2,2,"Kevon Cooper",36
139,7,6,17,0,157,6,45010,26.16,9.23,17,0,0,3,0,1,2,"Kevon Cooper",36
140,3,1,0,0,6,0,NULL,NULL,18,NULL,0,0,0,0,7,4,"Danish Aziz",207
141,3,1,2,0,15,0,NULL,NULL,7.5,NULL,0,0,2,0,6,6,"Danish Aziz",207
142,8,3,9,0,93,1,44949,93,10.14,55,0,0,3,0,5,6,"Cameron Delport",37
143,7,NULL,NULL,NULL,NULL,NULL,NULL,NULL,NULL,NULL,NULL,NULL,2,0,4,2,"AB de",194
144,5,NULL,NULL,NULL,NULL,NULL,NULL,NULL,NULL,NULL,NULL,NULL,2,0,3,2,"Gulraiz Sadaf",145
145,8,5,11,0,87,4,45003,21.75,8.03,16.2,0,0,2,0,2,2,"Cameron Delport",37
146,8,5,11,0,87,4,45003,21.75,8.03,16.2,0,0,2,0,1,2,"Cameron Delport",37
147,11,3,4,0,38,1,44930,38,9.5,24,0,0,10,0,7,1,"Tim David",288
148,6,NULL,NULL,NULL,NULL,NULL,NULL,NULL,NULL,NULL,NULL,NULL,4,0,6,2,"Tim David",288
149,11,11,34,0,279,14,45040,19.92,8.08,14.7,1,0,2,0,5,2,"Dilbar Hussain",238
150,4,NULL,NULL,NULL,NULL,NULL,NULL,NULL,NULL,NULL,NULL,NULL,5,0,3,4,"Alex Hales",133
151,7,7,23,1,159,9,45001,17.66,6.76,15.6,0,0,1,0,7,4,"Liam Dawson",153
152,5,1,1,0,25,0,NULL,NULL,25,NULL,0,0,1,0,6,5,"Cameron Delport",37
153,5,NULL,NULL,NULL,NULL,NULL,NULL,NULL,NULL,NULL,NULL,NULL,2,0,4,1,"Laurie Evans",216
154,2,1,3,0,33,0,NULL,NULL,10.42,NULL,0,0,1,0,3,3,"Hammad Azam",39
155,6,6,22,0,134,11,45031,12.18,6.09,12,1,0,2,0,2,5,"Grant Elliott",106
156,6,6,22,0,134,11,45031,12.18,6.09,12,1,0,2,0,1,5,"Grant Elliott",106
157,5,5,15,0,153,2,11689,76.5,10.2,45,0,0,2,0,7,4,"AB de",194
158,2,NULL,NULL,NULL,NULL,NULL,NULL,NULL,NULL,NULL,NULL,NULL,1,0,6,2,"Joe Denly",139
159,1,NULL,NULL,NULL,NULL,NULL,NULL,NULL,NULL,NULL,NULL,NULL,0,0,5,3,"Faf du",248
160,12,12,44,0,322,21,45096,15.33,7.29,12.6,1,1,4,0,4,4,"Faheem Ashraf",132
161,3,NULL,NULL,NULL,NULL,NULL,NULL,NULL,NULL,NULL,NULL,NULL,0,0,3,3,"Haris Sohail",118
162,5,1,1,0,5,0,NULL,NULL,5,NULL,0,0,0,0,2,2,"Chris Gayle",38
163,5,1,1,0,5,0,NULL,NULL,5,NULL,0,0,0,0,1,2,"Chris Gayle",38
164,4,NULL,NULL,NULL,NULL,NULL,NULL,NULL,NULL,NULL,NULL,NULL,2,0,7,5,"Ben Duckett",86
165,7,7,20,0,220,7,12451,31.42,10.64,17.7,0,0,4,0,5,4,"Faheem Ashraf",132
166,10,2,3,0,21,0,NULL,NULL,7,NULL,0,0,4,0,4,2,"Fakhar Zaman",107
167,5,NULL,NULL,NULL,NULL,NULL,NULL,NULL,NULL,NULL,NULL,NULL,3,0,6,5,"Faf du",248
168,12,NULL,NULL,NULL,NULL,NULL,NULL,NULL,NULL,NULL,NULL,NULL,10,0,5,2,"Fakhar Zaman",107
169,12,12,45,0,298,11,45000,27.09,6.57,24.7,0,0,0,0,4,5,"Fawad Ahmed",208
170,11,11,28,0,187,6,44929,31.16,6.67,28,0,0,6,0,3,5,"Hassan Khan",124
171,3,1,2,0,25,0,NULL,NULL,12.5,NULL,0,0,0,0,2,2,"Hammad Azam",39
172,3,1,2,0,25,0,NULL,NULL,12.5,NULL,0,0,0,0,1,2,"Hammad Azam",39
173,10,10,34,0,284,9,45013,31.55,8.35,22.6,0,0,4,0,7,4,"Faheem Ashraf",132
174,8,8,28,0,190,9,44996,21.11,6.78,18.6,0,0,4,0,6,4,"Faheem Ashraf",132
175,5,5,19,0,165,4,14642,41.25,8.46,29.2,0,0,0,0,5,5,"Fawad Ahmed",208
176,4,NULL,NULL,NULL,NULL,NULL,NULL,NULL,NULL,NULL,NULL,NULL,1,0,4,3,"Andre Fletcher",117
177,3,3,11,1,75,2,44939,37.5,6.81,33,0,0,1,0,2,3,"Hasan Ali",53
178,3,3,11,1,75,2,44939,37.5,6.81,33,0,0,1,0,1,3,"Hasan Ali",53
179,13,NULL,NULL,NULL,NULL,NULL,NULL,NULL,NULL,NULL,NULL,NULL,8,0,7,2,"Fakhar Zaman",107
180,10,NULL,NULL,NULL,NULL,NULL,NULL,NULL,NULL,NULL,NULL,NULL,2,0,6,2,"Fakhar Zaman",107
181,4,4,10,0,105,4,45041,26.25,10.5,15,1,0,2,0,5,3,"Lewis Gregory",249
182,3,NULL,NULL,NULL,NULL,NULL,NULL,NULL,NULL,NULL,NULL,NULL,1,0,4,2,"Gauhar Ali",195
183,12,6,14,0,124,4,44975,31,8.85,21,0,0,2,0,3,4,"Hussain Talat",88
184,6,6,20,0,196,6,17199,32.66,9.8,20,0,0,0,0,7,5,"James Faulkner",289
185,6,6,24,0,156,13,45004,12,6.5,11,0,0,2,0,6,2,"James Faulkner",289
186,10,NULL,NULL,NULL,NULL,NULL,NULL,NULL,NULL,NULL,NULL,NULL,1,0,5,3,"Haider Ali",250
187,5,5,18,0,170,6,45006,28.33,9.1,18.6,0,0,0,0,4,5,"Ghulam Mudassar",109
188,4,4,14,0,107,5,45005,21.4,7.64,16.8,0,0,2,0,3,3,"Ibtisam Sheikh",154
189,4,1,0,0,7,0,NULL,NULL,21,NULL,0,0,1,0,2,6,"Iftikhar Ahmed",20
190,4,1,0,0,7,0,NULL,NULL,21,NULL,0,0,1,0,1,6,"Iftikhar Ahmed",20
191,1,1,4,0,26,2,44983,13,6.5,12,0,0,1,0,7,2,"Fawad Ahmed",208
192,5,5,20,0,167,6,44982,27.83,8.35,20,0,0,0,0,6,4,"Fawad Ahmed",208
193,9,NULL,NULL,NULL,NULL,NULL,NULL,NULL,NULL,NULL,NULL,NULL,4,0,5,6,"Alex Hales",133
194,5,5,17,0,111,4,11749,27.75,6.52,25.5,0,0,0,0,4,1,"Chris Green",110
195,1,NULL,NULL,NULL,NULL,NULL,NULL,NULL,NULL,NULL,NULL,NULL,0,0,3,4,"Iftikhar Ahmed",20
196,8,6,16,0,137,4,44936,34.25,8.56,24,0,0,3,0,2,6,"Imad Wasim",21
197,8,6,16,0,137,4,44936,34.25,8.56,24,0,0,3,0,1,6,"Imad Wasim",21
198,1,NULL,NULL,NULL,NULL,NULL,NULL,NULL,NULL,NULL,NULL,NULL,1,0,7,2,"Dean Foxcroft",337
199,2,NULL,NULL,NULL,NULL,NULL,NULL,NULL,NULL,NULL,NULL,NULL,0,0,6,5,"Chris Gayle",38
200,1,1,1,0,11,0,NULL,NULL,11,NULL,0,0,1,0,5,3,"Hammad Azam",39
201,8,7,25,0,162,5,44976,32.4,6.39,30.4,0,0,2,0,3,6,"Imad Wasim",21
202,9,8,23,1,145,9,45036,16.11,6.25,15.4,1,0,4,0,2,4,"Imran Khalid",6
203,9,8,23,1,145,9,45036,16.11,6.25,15.4,1,0,4,0,1,4,"Imran Khalid",6
204,5,5,17,0,193,5,15738,38.6,11.35,20.4,0,0,1,0,7,5,"Ghulam Mudassar",109
205,2,2,5,0,42,2,11355,21,8.4,15,0,0,0,0,6,4,"Lewis Gregory",249
206,8,8,30,0,302,10,45015,30.2,10.06,18,0,0,1,0,5,2,"Haris Rauf",196
207,1,1,2,0,13,1,44939,13,6.5,12,0,0,0,0,4,5,"Harry Gurney",209
208,1,1,2,0,24,1,44950,24,9,16,0,0,0,0,3,2,"Imran Khan",54
209,1,1,4,0,35,1,12785,35,8.75,24,0,0,2,0,2,3,"Imran Khan",54
210,1,1,4,0,35,1,12785,35,8.75,24,0,0,2,0,1,3,"Imran Khan",54
211,7,6,14,0,127,1,44948,127,9.07,84,0,0,6,0,7,6,"Lewis Gregory",249
212,6,NULL,NULL,NULL,NULL,NULL,NULL,NULL,NULL,NULL,NULL,NULL,3,0,6,6,"Martin Guptill",278
213,9,9,32,0,275,8,13181,34.37,8.59,24,0,0,2,0,5,3,"Hasan Ali",53
214,2,NULL,NULL,NULL,NULL,NULL,NULL,NULL,NULL,NULL,NULL,NULL,1,0,4,4,"Alex Hales",133
215,10,9,33,1,239,13,45004,18.38,7.24,15.2,0,0,3,0,3,1,"Imran Tahir",265
216,6,6,24,1,178,6,11720,29.66,7.41,24,0,0,1,0,2,3,"Junaid Khan",55
217,6,6,24,1,178,6,11720,29.66,7.41,24,0,0,1,0,1,3,"Junaid Khan",55
218,9,NULL,NULL,NULL,NULL,NULL,NULL,NULL,NULL,NULL,NULL,NULL,1,0,7,3,"Haider Ali",250
219,9,NULL,NULL,NULL,NULL,NULL,NULL,NULL,NULL,NULL,NULL,NULL,4,0,6,3,"Haider Ali",250
220,5,2,3,0,34,0,NULL,NULL,11.33,NULL,0,0,3,0,5,4,"Hussain Talat",88
221,5,NULL,NULL,NULL,NULL,NULL,NULL,NULL,NULL,NULL,NULL,NULL,1,0,4,1,"Hammad Azam",39
222,12,1,1,0,8,0,NULL,NULL,8,NULL,0,0,3,0,3,6,"Colin Ingram",140
223,10,NULL,NULL,NULL,NULL,NULL,NULL,NULL,NULL,NULL,NULL,NULL,8,2,2,3,"Kamran Akmal",56
224,10,NULL,NULL,NULL,NULL,NULL,NULL,NULL,NULL,NULL,NULL,NULL,8,2,1,3,"Kamran Akmal",56
225,9,NULL,NULL,NULL,NULL,NULL,NULL,NULL,NULL,NULL,NULL,NULL,4,0,7,4,"Alex Hales",133
226,4,NULL,NULL,NULL,NULL,NULL,NULL,NULL,NULL,NULL,NULL,NULL,1,0,6,4,"Alex Hales",133
227,12,5,13,0,97,2,44938,48.5,7.46,39,0,0,6,0,5,6,"Iftikhar Ahmed",20
228,10,10,36,0,267,11,45039,24.27,7.41,19.6,1,0,2,0,4,2,"Haris Rauf",196
229,5,5,18,0,142,5,44979,28.4,7.88,21.6,0,0,5,0,3,3,"Chris Jordan",67
230,2,1,1,0,6,0,NULL,NULL,6,NULL,0,0,0,0,2,4,"Kamran Ghulam",7
231,2,1,1,0,6,0,NULL,NULL,6,NULL,0,0,0,0,1,4,"Kamran Ghulam",7
232,13,13,51,0,470,16,12114,29.37,9.09,19.3,0,0,6,0,7,2,"Haris Rauf",196
233,1,1,1,0,8,0,NULL,NULL,8,NULL,0,0,0,0,6,1,"Hammad Azam",39
234,11,11,32,0,225,7,44971,32.14,7.06,27.2,0,0,1,0,5,6,"Imad Wasim",21
235,5,NULL,NULL,NULL,NULL,NULL,NULL,NULL,NULL,NULL,NULL,NULL,4,0,4,2,"Haris Sohail",118
236,8,7,23,0,178,7,45009,25.42,7.52,20.2,0,0,2,0,3,1,"Junaid Khan",55
237,9,NULL,NULL,NULL,NULL,NULL,NULL,NULL,NULL,NULL,NULL,NULL,3,0,2,4,"Khalid Latif",8
238,9,NULL,NULL,NULL,NULL,NULL,NULL,NULL,NULL,NULL,NULL,NULL,3,0,1,4,"Khalid Latif",8
239,9,9,33,0,365,9,45015,40.55,10.84,22.4,0,0,2,0,7,4,"Hasan Ali",53
240,9,9,35,0,342,10,13940,34.2,9.67,21.2,0,0,3,0,6,2,"Haris Rauf",196
241,4,NULL,NULL,NULL,NULL,NULL,NULL,NULL,NULL,NULL,NULL,NULL,3,0,5,3,"Imam-ul-Haq ",251
242,13,13,50,0,341,25,45031,13.64,6.77,12,3,0,2,0,4,3,"Hasan Ali",53
243,13,NULL,NULL,NULL,NULL,NULL,NULL,NULL,NULL,NULL,NULL,NULL,8,0,3,3,"Kamran Akmal",56
244,2,1,3,0,24,1,44950,24,8,18,0,0,1,0,2,5,"Brendon McCullum",105
245,2,1,3,0,24,1,44950,24,8,18,0,0,1,0,1,5,"Brendon McCullum",105
246,2,2,6,0,69,0,NULL,NULL,10.35,NULL,0,0,0,0,7,5,"Hassan Khan",124
247,10,10,40,0,269,13,44971,20.69,6.75,18.3,0,0,3,0,6,4,"Hasan Ali",53
248,10,9,32,0,238,11,45013,21.63,7.43,17.4,0,0,1,0,5,1,"Imran Tahir",265
249,2,2,3,0,29,0,NULL,NULL,9.66,NULL,0,0,0,0,4,2,"Hassan Khan",124
250,2,1,3,0,27,1,44953,27,9,18,0,0,0,0,3,3,"Khalid Usman",155
251,8,NULL,NULL,NULL,NULL,NULL,NULL,NULL,NULL,NULL,NULL,NULL,5,0,2,3,"Dawid Malan",57
252,8,NULL,NULL,NULL,NULL,NULL,NULL,NULL,NULL,NULL,NULL,NULL,5,0,1,3,"Dawid Malan",57
253,7,NULL,NULL,NULL,NULL,NULL,NULL,NULL,NULL,NULL,NULL,NULL,2,0,7,3,"Hazratullah Zazai",299
254,3,3,7,0,70,1,44942,70,10,42,0,0,3,0,6,5,"Hassan Khan",124
255,9,NULL,NULL,NULL,NULL,NULL,NULL,NULL,NULL,NULL,NULL,NULL,2,0,5,4,"Colin Ingram",140
256,10,2,2,0,25,0,NULL,NULL,12.5,NULL,0,0,4,0,4,4,"Hussain Talat",88
257,7,NULL,NULL,NULL,NULL,NULL,NULL,NULL,NULL,NULL,NULL,NULL,1,0,3,6,"Khurram Manzoor",98
258,5,NULL,NULL,NULL,NULL,NULL,NULL,NULL,NULL,NULL,NULL,NULL,2,0,6,3,"Hazratullah Zazai",299
259,9,9,33,0,273,9,47150,30.33,8.27,22,0,0,6,0,5,6,"Chris Jordan",67
260,4,4,10,0,71,4,44971,17.75,7.1,15,0,0,2,0,4,3,"Ibtisam Sheikh",154
261,2,NULL,NULL,NULL,NULL,NULL,NULL,NULL,NULL,NULL,NULL,NULL,0,0,3,3,"Khushdil Shah",119
262,4,3,5,0,51,0,NULL,NULL,10.55,NULL,0,0,2,0,2,6,"Mir Hamza",22
263,4,3,5,0,51,0,NULL,NULL,10.55,NULL,0,0,2,0,1,6,"Mir Hamza",22
264,9,6,17,0,134,4,44934,33.5,7.88,25.5,0,0,1,0,7,3,"Hussain Talat",88
265,2,NULL,NULL,NULL,NULL,NULL,NULL,NULL,NULL,NULL,NULL,NULL,0,0,6,1,"Shimron Hetmyer",314
266,3,3,10,0,95,3,44974,31.66,9.5,20,0,0,1,0,5,1,"Junaid Khan",55
267,6,2,3,0,14,2,44961,7,4.66,9,0,0,0,0,4,6,"Iftikhar Ahmed",20
268,1,NULL,NULL,NULL,NULL,NULL,NULL,NULL,NULL,NULL,NULL,NULL,2,0,3,5,"Tom Kohler-Cadmore",303
269,9,NULL,NULL,NULL,NULL,NULL,NULL,NULL,NULL,NULL,NULL,NULL,3,0,2,4,"Misbah-ul-Haq ",9
270,9,NULL,NULL,NULL,NULL,NULL,NULL,NULL,NULL,NULL,NULL,NULL,3,0,1,4,"Misbah-ul-Haq ",9
271,10,8,9,0,92,2,44928,46,9.68,28.5,0,0,9,0,7,5,"Iftikhar Ahmed",20
272,11,3,7,0,78,3,13547,26,11.14,14,0,0,2,0,6,4,"Hussain Talat",88
273,9,NULL,NULL,NULL,NULL,NULL,NULL,NULL,NULL,NULL,NULL,NULL,5,0,5,3,"Kamran Akmal",56
274,11,11,43,0,289,5,44984,57.8,6.66,52,0,0,1,0,4,6,"Imad Wasim",21
275,7,7,26,1,164,7,45012,23.42,6.3,22.2,0,0,0,0,2,6,"Mohammad Amir",23
276,7,7,26,1,164,7,45012,23.42,6.3,22.2,0,0,0,0,1,6,"Mohammad Amir",23
277,2,2,3,0,23,1,44946,23,6.9,20,0,0,0,0,7,1,"Ihsanullah ",352
278,12,6,8,0,79,1,44937,79,9.67,49,0,0,9,0,6,4,"Iftikhar Ahmed",20
279,1,NULL,NULL,NULL,NULL,NULL,NULL,NULL,NULL,NULL,NULL,NULL,0,0,5,5,"Khurram Manzoor",98
280,12,NULL,NULL,NULL,NULL,NULL,NULL,NULL,NULL,NULL,NULL,NULL,2,0,4,3,"Imam-ul-Haq ",251
281,4,4,16,0,142,2,44957,71,8.87,48,0,0,1,0,3,2,"Mitchell McClenaghan",147
282,9,9,31,1,203,11,45005,18.45,6.54,16.9,0,0,3,0,2,3,"Mohammad Asghar",58
283,9,9,31,1,203,11,45005,18.45,6.54,16.9,0,0,3,0,1,3,"Mohammad Asghar",58
284,9,9,35,0,239,6,10990,39.83,6.82,35,0,0,2,0,7,6,"Imad Wasim",21
285,11,10,31,1,241,7,44959,34.42,7.77,26.5,0,0,3,0,6,6,"Imad Wasim",21
286,11,3,5,0,25,1,44927,25,5,30,0,0,5,0,5,1,"Khushdil Shah",119
287,11,NULL,NULL,NULL,NULL,NULL,NULL,NULL,NULL,NULL,NULL,NULL,6,0,4,6,"Colin Ingram",140
288,10,NULL,NULL,NULL,NULL,NULL,NULL,NULL,NULL,NULL,NULL,NULL,3,0,3,2,"Brendon McCullum",105
289,10,NULL,NULL,NULL,NULL,NULL,NULL,NULL,NULL,NULL,NULL,NULL,3,0,2,3,"Mohammad Hafeez",59
290,10,NULL,NULL,NULL,NULL,NULL,NULL,NULL,NULL,NULL,NULL,NULL,3,0,1,3,"Mohammad Hafeez",59
291,3,3,10,0,129,0,NULL,NULL,12.09,NULL,0,0,1,0,7,1,"Imran Khan",54
292,6,NULL,NULL,NULL,NULL,NULL,NULL,NULL,NULL,NULL,NULL,NULL,3,0,6,3,"Imam-ul-Haq ",251
293,8,1,1,0,10,0,NULL,NULL,10,NULL,0,0,6,0,5,3,"Liam Livingstone",184
294,2,2,7,0,64,3,45011,21.33,9.14,14,0,0,1,0,4,3,"Chris Jordan",67
295,3,2,3,0,26,1,44946,26,8.66,18,0,0,1,0,3,5,"Mahmudullah ",125
296,6,6,21,1,155,7,45007,22.14,7.38,18,0,0,0,0,2,4,"Mohammad Irfan",10
297,6,6,21,1,155,7,45007,22.14,7.38,18,0,0,0,0,1,4,"Mohammad Irfan",10
298,12,12,46,0,298,16,45001,18.62,6.47,17.2,0,0,2,0,7,1,"Imran Tahir",265
299,7,7,25,1,179,12,45009,14.91,7.16,12.5,0,0,0,0,6,1,"Imran Khan",54
300,8,NULL,NULL,NULL,NULL,NULL,NULL,NULL,NULL,NULL,NULL,NULL,2,0,5,2,"Chris Lynn",146
301,7,7,26,0,228,8,14305,28.5,8.65,19.7,0,0,1,0,4,1,"Junaid Khan",55
302,8,7,24,0,208,9,44980,23.11,8.48,16.3,0,0,4,0,3,6,"Tymal Mills",127
303,8,8,27,0,208,4,11720,52,7.7,40.5,0,0,4,0,2,5,"Mohammad Nabi",76
304,8,8,27,0,208,4,11720,52,7.7,40.5,0,0,4,0,1,5,"Mohammad Nabi",76
305,7,7,25,1,170,13,44992,13.07,6.8,11.5,0,0,5,0,6,1,"Imran Tahir",265
306,2,2,3,0,26,1,44948,26,8.66,18,0,0,2,0,5,1,"Adam Lyth",266
307,13,NULL,NULL,NULL,NULL,NULL,NULL,NULL,NULL,NULL,NULL,NULL,8,1,4,3,"Kamran Akmal",56
308,3,3,11,0,95,3,44953,31.66,8.63,22,0,0,1,0,3,5,"Mir Hamza",22
309,10,10,35,0,234,13,45029,18,6.56,16.4,1,0,5,0,2,5,"Mohammad Nawaz",77
310,10,10,35,0,234,13,45029,18,6.56,16.4,1,0,5,0,1,5,"Mohammad Nawaz",77
311,5,5,20,0,189,9,15036,21,9.45,13.3,0,0,1,0,7,6,"Chris Jordan",67
312,5,NULL,NULL,NULL,NULL,NULL,NULL,NULL,NULL,NULL,NULL,NULL,1,0,6,6,"Colin Ingram",140
313,3,3,7,0,76,2,11355,38,10.85,21,0,0,1,0,5,2,"Maaz Khan",291
314,7,7,24,0,189,11,45026,17.18,7.66,13.4,1,0,2,0,4,2,"Sandeep Lamichhane",197
315,8,NULL,NULL,NULL,NULL,NULL,NULL,NULL,NULL,NULL,NULL,NULL,1,0,3,4,"Misbah-ul-Haq ",9
316,8,NULL,NULL,NULL,NULL,NULL,NULL,NULL,NULL,NULL,NULL,NULL,6,4,2,2,"Mohammad Rizwan",312
317,8,NULL,NULL,NULL,NULL,NULL,NULL,NULL,NULL,NULL,NULL,NULL,6,4,1,2,"Mohammad Rizwan",312
318,6,NULL,NULL,NULL,NULL,NULL,NULL,NULL,NULL,NULL,NULL,NULL,2,0,7,3,"Kamran Akmal",56
319,13,NULL,NULL,NULL,NULL,NULL,NULL,NULL,NULL,NULL,NULL,NULL,15,1,6,3,"Kamran Akmal",56
320,1,1,1,0,14,0,NULL,NULL,14,NULL,0,0,0,0,5,6,"Mitchell McClenaghan",147
321,11,NULL,NULL,NULL,NULL,NULL,NULL,NULL,NULL,NULL,NULL,NULL,4,0,4,6,"Liam Livingstone",184
322,11,10,35,1,233,9,44963,25.88,6.65,23.3,0,0,0,0,3,6,"Mohammad Amir",23
323,7,7,24,0,138,12,45054,11.5,5.59,12.3,0,1,1,0,2,4,"Mohammad Sami",11
324,7,7,24,0,138,12,45054,11.5,5.59,12.3,0,1,1,0,1,4,"Mohammad Sami",11
325,13,5,8,0,73,1,44941,73,9.12,48,0,0,1,0,7,2,"Kamran Ghulam",7
326,1,1,4,0,45,0,NULL,NULL,11.25,NULL,0,0,0,0,6,3,"Khalid Usman",155
327,1,1,4,0,41,3,15036,13.66,10.25,8,0,0,0,0,5,3,"Saqib Mahmood",253
328,2,NULL,NULL,NULL,NULL,NULL,NULL,NULL,NULL,NULL,NULL,NULL,0,0,4,3,"Wayne Madsen",203
329,5,5,15,0,141,2,44944,70.5,9,47,0,0,2,0,3,3,"Mohammad Asghar",58
330,3,NULL,NULL,NULL,NULL,NULL,NULL,NULL,NULL,NULL,NULL,NULL,1,2,2,6,"Mushfiqur Rahim",24
331,3,NULL,NULL,NULL,NULL,NULL,NULL,NULL,NULL,NULL,NULL,NULL,1,2,1,6,"Mushfiqur Rahim",24
332,2,2,8,0,42,2,44943,21,5.25,24,0,0,0,0,7,3,"Khalid Usman",155
333,7,NULL,NULL,NULL,NULL,NULL,NULL,NULL,NULL,NULL,NULL,NULL,0,0,6,4,"Usman Khawaja",268
334,4,NULL,NULL,NULL,NULL,NULL,NULL,NULL,NULL,NULL,NULL,NULL,1,0,5,4,"Dawid Malan",57
335,2,NULL,NULL,NULL,NULL,NULL,NULL,NULL,NULL,NULL,NULL,NULL,1,0,4,3,"Dawid Malan",57
336,13,NULL,NULL,NULL,NULL,NULL,NULL,NULL,NULL,NULL,NULL,NULL,5,0,3,3,"Mohammad Hafeez",59
337,5,NULL,NULL,NULL,NULL,NULL,NULL,NULL,NULL,NULL,NULL,NULL,1,0,2,6,"Nauman Anwar",25
338,5,NULL,NULL,NULL,NULL,NULL,NULL,NULL,NULL,NULL,NULL,NULL,1,0,1,6,"Nauman Anwar",25
339,2,2,8,0,62,5,45038,12.4,7.75,9.6,1,0,1,0,7,5,"Khurram Shahzad",252
340,5,5,16,0,116,7,44999,16.57,7.25,13.7,0,0,0,0,6,5,"Khurram Shahzad",252
341,4,4,15,0,122,5,10990,24.4,8.13,18,0,0,1,0,5,5,"Tymal Mills",127
342,5,5,19,0,137,7,45014,19.57,7.21,16.2,0,0,0,0,4,3,"Tymal Mills",127
343,10,9,36,1,228,10,44976,22.8,6.33,21.6,0,0,1,0,3,1,"Mohammad Irfan",10
344,5,NULL,NULL,NULL,NULL,NULL,NULL,NULL,NULL,NULL,NULL,NULL,1,0,2,2,"Naved Yasin",42
345,5,NULL,NULL,NULL,NULL,NULL,NULL,NULL,NULL,NULL,NULL,NULL,1,0,1,2,"Naved Yasin",42
346,12,12,32,0,223,16,12875,13.93,6.89,12.1,1,0,7,0,7,1,"Khushdil Shah",119
347,11,3,4,0,37,1,44930,37,9.25,24,0,0,3,0,6,1,"Khushdil Shah",119
348,4,4,12,0,107,3,44937,35.66,8.91,24,0,0,1,0,5,3,"Mohammad Amir",23
349,3,NULL,NULL,NULL,NULL,NULL,NULL,NULL,NULL,NULL,NULL,NULL,0,0,4,3,"Misbah-ul-Haq ",9
350,11,10,31,0,298,12,44975,24.83,9.61,15.5,0,0,3,0,3,6,"Mohammad Irfan",10
351,9,NULL,NULL,NULL,NULL,NULL,NULL,NULL,NULL,NULL,NULL,NULL,1,0,2,5,"Kevin Pietersen",78
352,9,NULL,NULL,NULL,NULL,NULL,NULL,NULL,NULL,NULL,NULL,NULL,1,0,1,5,"Kevin Pietersen",78
353,2,NULL,NULL,NULL,NULL,NULL,NULL,NULL,NULL,NULL,NULL,NULL,0,0,7,3,"Tom Kohler-Cadmore",303
354,3,NULL,NULL,NULL,NULL,NULL,NULL,NULL,NULL,NULL,NULL,NULL,0,0,6,4,"Brandon King",269
355,11,11,43,0,327,10,45041,32.7,7.63,25.7,1,0,0,0,5,6,"Mohammad Amir",23
356,3,3,12,1,69,5,45007,13.8,5.75,14.4,0,0,0,0,4,1,"Mohammad Abbas",217
357,11,11,36,1,196,7,44961,28,5.44,30.8,0,0,3,0,3,5,"Mohammad Nawaz",77
358,8,8,26,0,180,4,44940,45,6.79,39.7,0,0,1,0,2,4,"Rumman Raees",12
359,8,8,26,0,180,4,44940,45,6.79,39.7,0,0,1,0,1,4,"Rumman Raees",12
360,3,NULL,NULL,NULL,NULL,NULL,NULL,NULL,NULL,NULL,NULL,NULL,1,0,7,6,"Tom Lammonby",329
361,4,NULL,NULL,NULL,NULL,NULL,NULL,NULL,NULL,NULL,NULL,NULL,5,0,6,3,"Tom Kohler-Cadmore",303
362,13,8,20,1,130,3,44937,43.33,6.5,40,0,0,6,0,5,2,"Mohammad Hafeez",59
363,9,9,34,0,257,13,45041,19.76,7.44,15.9,1,0,2,0,4,6,"Mohammad Amir",23
364,12,NULL,NULL,NULL,NULL,NULL,NULL,NULL,NULL,NULL,NULL,NULL,5,2,3,6,"Mohammad Rizwan",312
365,10,10,34,0,276,16,45003,17.25,8.03,12.8,0,0,5,0,2,4,"Andre Russell",13
366,10,10,34,0,276,16,45003,17.25,8.03,12.8,0,0,5,0,1,4,"Andre Russell",13
367,4,4,13,0,112,2,44948,56,8.61,39,0,0,3,0,7,3,"Liam Livingstone",184
368,4,NULL,NULL,NULL,NULL,NULL,NULL,NULL,NULL,NULL,NULL,NULL,1,0,6,1,"Chris Lynn",146
369,9,9,32,0,287,15,45041,19.13,8.96,12.8,2,0,1,0,5,5,"Mohammad Hasnain",211
370,2,2,5,0,40,0,NULL,NULL,7.74,NULL,0,0,2,0,4,2,"Mohammad Hafeez",59
371,11,11,42,0,291,13,45006,22.38,6.82,19.6,0,0,2,0,3,4,"Mohammad Sami",11
372,6,6,22,0,157,6,45012,26.16,7.13,22,0,0,0,0,2,4,"Saeed Ajmal",90
373,6,6,22,0,157,6,45012,26.16,7.13,22,0,0,0,0,1,4,"Saeed Ajmal",90
374,2,2,7,0,81,2,16103,40.5,11.57,21,0,0,2,0,7,3,"Saqib Mahmood",253
375,5,5,18,0,145,12,44997,12.08,7.98,9,0,0,0,0,6,3,"Saqib Mahmood",253
376,9,8,19,0,169,8,44973,21.12,8.59,14.7,0,0,2,0,5,1,"Mohammad Ilyas",218
377,7,7,28,1,211,12,45015,17.58,7.53,14,0,0,1,0,4,5,"Mohammad Hasnain",211
378,3,NULL,NULL,NULL,NULL,NULL,NULL,NULL,NULL,NULL,NULL,NULL,0,0,3,6,"Eoin Morgan",120
379,5,NULL,NULL,NULL,NULL,NULL,NULL,NULL,NULL,NULL,NULL,NULL,2,0,2,6,"Saifullah Bangash",26
380,5,NULL,NULL,NULL,NULL,NULL,NULL,NULL,NULL,NULL,NULL,NULL,2,0,1,6,"Saifullah Bangash",26
381,4,4,16,0,114,8,45043,14.25,7.12,12,1,0,0,0,7,6,"Mir Hamza",22
382,3,NULL,NULL,NULL,NULL,NULL,NULL,NULL,NULL,NULL,NULL,NULL,1,0,6,3,"David Miller",300
383,1,1,2,0,16,1,44942,16,8,12,0,0,0,0,5,3,"Mohammad Imran",198
384,8,7,24,0,194,9,45012,21.55,8.08,16,0,0,4,0,4,1,"Mohammad Ilyas",218
385,1,NULL,NULL,NULL,NULL,NULL,NULL,NULL,NULL,NULL,NULL,NULL,1,0,3,6,"Iftikhar Ahmed",20
386,10,6,11,0,96,4,44935,24,8.72,16.5,0,0,4,0,2,3,"Daren Sammy",61
387,10,6,11,0,96,4,44935,24,8.72,16.5,0,0,4,0,1,3,"Daren Sammy",61
388,13,8,18,0,117,6,44980,19.5,6.5,18,0,0,4,0,7,2,"Mohammad Hafeez",59
389,11,11,41,2,349,5,44940,69.8,8.37,50,0,0,2,0,6,6,"Mohammad Amir",23
390,8,7,26,0,212,4,11355,53,8.15,39,0,0,0,0,5,1,"Mohammad Irfan",10
391,9,9,32,0,209,5,44942,41.8,6.53,38.4,0,0,2,0,4,1,"Mohammad Irfan",10
392,5,5,16,1,103,4,44979,25.75,6.43,24,0,0,0,0,3,2,"Mustafizur Rahman",41
393,4,NULL,NULL,NULL,NULL,NULL,NULL,NULL,NULL,NULL,NULL,NULL,0,0,2,5,"Kumar Sangakkara",93
394,4,NULL,NULL,NULL,NULL,NULL,NULL,NULL,NULL,NULL,NULL,NULL,0,0,1,5,"Kumar Sangakkara",93
395,5,NULL,NULL,NULL,NULL,NULL,NULL,NULL,NULL,NULL,NULL,NULL,5,1,7,3,"Mohammad Haris",279
396,10,5,8,0,62,2,44930,31,7.75,24,0,0,2,0,6,2,"Mohammad Hafeez",59
397,2,1,4,0,35,1,12785,35,8.75,24,0,0,0,0,5,3,"Mohammad Mohsin",254
398,2,2,5,0,68,0,NULL,NULL,12.75,NULL,0,0,0,0,4,1,"Mohammad Irfan",10
399,9,9,34,0,204,10,45013,20.4,6,20.4,0,0,5,0,3,2,"Sunil Narine",111
400,10,NULL,NULL,NULL,NULL,NULL,NULL,NULL,NULL,NULL,NULL,NULL,2,2,2,5,"Sarfaraz Ahmed",68
401,10,NULL,NULL,NULL,NULL,NULL,NULL,NULL,NULL,NULL,NULL,NULL,2,2,1,5,"Sarfaraz Ahmed",68
402,3,3,9,0,76,3,44984,25.33,8.44,18,0,0,1,0,7,5,"Mohammad Hasnain",211
403,9,9,33,0,292,9,44975,32.44,8.89,21.8,0,0,2,0,6,5,"Mohammad Hasnain",211
404,9,9,25,0,208,6,44966,34.66,8.32,25,0,0,8,0,5,5,"Mohammad Nawaz",77
405,3,3,12,0,106,3,11720,35.33,8.83,24,0,0,2,0,4,5,"Mohammad Irfan",10
406,9,9,27,0,188,13,12510,14.46,6.96,12.4,1,0,3,0,3,4,"Samit Patel",121
407,10,10,37,2,244,10,45053,24.4,6.59,22.2,0,1,4,0,2,3,"Shahid Afridi",62
408,10,10,37,2,244,10,45053,24.4,6.59,22.2,0,1,4,0,1,3,"Shahid Afridi",62
409,5,5,18,1,173,8,14305,21.62,9.7,13.3,0,0,1,0,6,6,"Mohammad Ilyas",218
410,2,NULL,NULL,NULL,NULL,NULL,NULL,NULL,NULL,NULL,NULL,NULL,3,0,5,6,"Mohammad Rizwan",312
411,12,12,46,0,350,13,44982,26.92,7.6,21.2,0,0,8,0,4,5,"Mohammad Nawaz",77
412,1,1,2,0,24,2,44981,12,12,6,0,0,2,0,3,5,"Thisara Perera",129
413,9,NULL,NULL,NULL,NULL,NULL,NULL,NULL,NULL,NULL,NULL,NULL,3,0,2,3,"Shahid Yousuf",63
414,9,NULL,NULL,NULL,NULL,NULL,NULL,NULL,NULL,NULL,NULL,NULL,3,0,1,3,"Shahid Yousuf",63
415,3,3,6,0,71,1,44928,71,11.83,36,0,0,0,0,7,6,"Mohammad Ilyas",218
416,11,11,41,0,340,9,17199,37.77,8.19,27.6,0,0,0,0,6,3,"Mohammad Imran",198
417,7,3,7,0,72,3,47150,24,10.28,14,0,0,1,0,5,2,"Muhammad Faizan",239
418,5,NULL,NULL,NULL,NULL,NULL,NULL,NULL,NULL,NULL,NULL,NULL,2,2,4,6,"Mohammad Rizwan",312
419,9,NULL,NULL,NULL,NULL,NULL,NULL,NULL,NULL,NULL,NULL,NULL,1,0,3,5,"Kevin Pietersen",78
420,2,NULL,NULL,NULL,NULL,NULL,NULL,NULL,NULL,NULL,NULL,NULL,1,0,2,6,"Shahzaib Hasan",102
421,2,NULL,NULL,NULL,NULL,NULL,NULL,NULL,NULL,NULL,NULL,NULL,1,0,1,6,"Shahzaib Hasan",102
422,3,3,10,0,93,1,44949,93,9.3,60,0,0,0,0,7,6,"Mohammad Imran",198
423,10,10,40,0,271,10,45012,27.1,6.77,24,0,0,3,0,6,3,"Mohammad Irfan",10
424,7,7,22,2,187,6,45015,31.16,8.25,22.6,0,0,1,0,5,4,"Muhammad Musa",172
425,9,9,28,0,230,5,45007,46,8.02,34.4,0,0,3,0,4,4,"Mohammad Sami",11
426,10,5,13,0,122,5,13575,24.4,9.5,15.4,0,0,6,0,3,1,"Kieron Pollard",100
427,8,7,21,0,167,3,44952,55.66,7.95,42,0,0,3,0,2,6,"Shakib Al",27
428,8,7,21,0,167,3,44952,55.66,7.95,42,0,0,3,0,1,6,"Shakib Al",27
429,2,2,7,0,56,2,44954,28,7.46,22.5,0,0,0,0,7,5,"Mohammad Irfan",10
430,5,4,11,0,84,1,44952,84,7.63,66,0,0,2,0,6,6,"Mohammad Nabi",76
431,8,NULL,NULL,NULL,NULL,NULL,NULL,NULL,NULL,NULL,NULL,NULL,1,0,5,4,"Colin Munro",185
432,11,11,42,0,322,15,45032,21.46,7.6,16.9,1,0,1,0,3,5,"Rahat Ali",101
433,11,NULL,NULL,NULL,NULL,NULL,NULL,NULL,NULL,NULL,NULL,NULL,2,0,2,4,"Sharjeel Khan",14
434,11,NULL,NULL,NULL,NULL,NULL,NULL,NULL,NULL,NULL,NULL,NULL,2,0,1,4,"Sharjeel Khan",14
435,9,9,31,0,213,5,44974,42.6,6.79,37.6,0,0,3,0,7,6,"Mohammad Nabi",76
436,9,9,26,0,195,6,44973,32.5,7.5,26,0,0,2,0,6,5,"Mohammad Nawaz",77
437,6,6,22,0,162,5,44974,32.4,7.36,26.4,0,0,1,0,5,5,"Naseem Shah",212
438,7,7,23,0,235,8,45010,29.37,10.21,17.2,0,0,1,0,4,4,"Muhammad Musa",172
439,9,4,11,0,73,1,44942,73,6.63,66,0,0,1,0,2,6,"Shoaib Malik",17
440,9,4,11,0,73,1,44942,73,6.63,66,0,0,1,0,1,6,"Shoaib Malik",17
441,5,5,15,0,126,6,16132,21,8.4,15,0,0,2,0,7,5,"Mohammad Nawaz",77
442,12,NULL,NULL,NULL,NULL,NULL,NULL,NULL,NULL,NULL,NULL,NULL,18,2,6,1,"Mohammad Rizwan",312
443,1,1,3,0,35,0,NULL,NULL,11.66,NULL,0,0,0,0,5,6,"Wayne Parnell",174
444,8,4,7,0,71,2,44971,35.5,10.14,21,0,0,0,0,4,6,"Colin Munro",185
445,6,NULL,NULL,NULL,NULL,NULL,NULL,NULL,NULL,NULL,NULL,NULL,1,0,2,6,"Lendl Simmons",28
446,6,NULL,NULL,NULL,NULL,NULL,NULL,NULL,NULL,NULL,NULL,NULL,1,0,1,6,"Lendl Simmons",28
447,12,NULL,NULL,NULL,NULL,NULL,NULL,NULL,NULL,NULL,NULL,NULL,7,2,7,1,"Mohammad Rizwan",312
448,2,2,7,0,79,2,12420,39.5,11.28,21,0,0,1,0,6,1,"Mohammad Umar",315
449,12,10,31,1,235,10,45021,23.5,7.58,18.6,1,0,5,0,5,2,"Samit Patel",121
450,2,1,1,0,4,0,NULL,NULL,4.8,NULL,0,0,1,0,4,3,"Nabi Gul",204
451,2,2,5,0,47,0,NULL,NULL,9.4,NULL,0,0,0,0,3,2,"Raza Hasan",149
452,4,3,4,0,45,0,NULL,NULL,11.25,NULL,0,0,3,0,2,4,"Dwayne Smith",92
453,4,3,4,0,45,0,NULL,NULL,11.25,NULL,0,0,3,0,1,4,"Dwayne Smith",92
454,5,1,4,0,32,0,NULL,NULL,8,NULL,0,0,0,0,7,6,"Mohammad Taha",141
455,11,11,40,0,336,12,11414,28,8.4,20,1,0,4,0,6,4,"Mohammad Wasim",270
456,2,2,5,0,56,0,NULL,NULL,11.2,NULL,0,0,0,0,5,2,"Seekkuge Prasanna",240
457,1,NULL,NULL,NULL,NULL,NULL,NULL,NULL,NULL,NULL,NULL,NULL,0,0,4,4,"Nasir Nawaz",173
458,2,NULL,NULL,NULL,NULL,NULL,NULL,NULL,NULL,NULL,NULL,NULL,0,0,2,2,"Sohaib Maqsood",43
459,2,NULL,NULL,NULL,NULL,NULL,NULL,NULL,NULL,NULL,NULL,NULL,0,0,1,2,"Sohaib Maqsood",43
460,6,6,20,0,187,5,45007,37.4,9.35,24,0,0,0,0,7,3,"Mohammad Umar",315
461,5,NULL,NULL,NULL,NULL,NULL,NULL,NULL,NULL,NULL,NULL,NULL,5,0,6,4,"Muhammad Akhlaq",271
462,10,10,36,0,302,9,45009,33.55,8.35,24.1,0,0,1,0,5,3,"Rahat Ali",101
463,4,4,11,0,87,2,44971,43.5,7.9,33,0,0,0,0,4,1,"Nauman Ali",221
464,10,NULL,NULL,NULL,NULL,NULL,NULL,NULL,NULL,NULL,NULL,NULL,1,0,3,5,"Rilee Rossouw",130
465,5,5,18,0,120,4,44980,30,6.72,26.7,0,0,0,0,2,6,"Sohail Khan",29
466,5,5,18,0,120,4,44980,30,6.72,26.7,0,0,0,0,1,6,"Sohail Khan",29
467,8,8,27,0,308,8,44982,38.5,11.2,20.6,0,0,1,0,7,4,"Mohammad Wasim",270
468,2,NULL,NULL,NULL,NULL,NULL,NULL,NULL,NULL,NULL,NULL,NULL,0,0,6,2,"Muhammad Faizan",239
469,2,2,6,0,35,2,44981,17.5,5.83,18,0,0,0,0,5,2,"Raja Farzan",241
470,3,2,2,0,32,0,NULL,NULL,16,NULL,0,0,1,0,4,4,"Wayne Parnell",174
471,2,NULL,NULL,NULL,NULL,NULL,NULL,NULL,NULL,NULL,NULL,NULL,0,0,3,5,"Jason Roy",112
472,6,6,20,0,150,2,44945,75,7.56,59.5,0,0,1,0,2,6,"Sohail Tanvir",30
473,6,6,20,0,150,2,44945,75,7.56,59.5,0,0,1,0,1,6,"Sohail Tanvir",30
474,7,5,8,0,58,1,44945,58,7.25,48,0,0,1,0,7,4,"Mubasir Khan",326
475,3,3,11,0,95,5,45003,19,8.63,13.2,0,0,0,0,6,4,"Muhammad Musa",172
476,5,NULL,NULL,NULL,NULL,NULL,NULL,NULL,NULL,NULL,NULL,NULL,0,0,5,4,"Rizwan Hussain",175
477,8,8,26,0,191,4,44941,47.75,7.34,39,0,0,3,0,4,4,"Samit Patel",121
478,3,3,10,0,51,4,44999,12.75,5.18,14.7,0,0,2,0,3,4,"Rumman Raees",12
479,9,9,35,1,262,10,44980,26.2,7.48,21,0,0,1,0,2,3,"Shaun Tait",64
480,9,9,35,1,262,10,44980,26.2,7.48,21,0,0,1,0,1,3,"Shaun Tait",64
481,2,NULL,NULL,NULL,NULL,NULL,NULL,NULL,NULL,NULL,NULL,NULL,0,0,7,4,"Muhammad Akhlaq",271
482,4,4,16,0,137,2,44951,68.5,8.56,48,0,0,1,0,6,3,"Mujeeb Ur",304
483,2,NULL,NULL,NULL,NULL,NULL,NULL,NULL,NULL,NULL,NULL,NULL,0,0,5,1,"Rohail Nazir",135
484,13,12,28,0,229,5,44936,45.8,7.98,34.4,0,0,10,0,4,3,"Kieron Pollard",100
485,4,3,10,0,89,4,10990,22.25,8.9,15,0,0,1,0,3,4,"Andre Russell",13
486,6,NULL,NULL,NULL,NULL,NULL,NULL,NULL,NULL,NULL,NULL,NULL,2,0,2,3,"Tamim Iqbal",65
487,6,NULL,NULL,NULL,NULL,NULL,NULL,NULL,NULL,NULL,NULL,NULL,2,0,1,3,"Tamim Iqbal",65
488,2,1,2,0,33,0,NULL,NULL,16.5,NULL,0,0,1,0,7,4,"Muhammad Musa",172
489,7,NULL,NULL,NULL,NULL,NULL,NULL,NULL,NULL,NULL,NULL,NULL,0,0,6,4,"Colin Munro",185
490,7,7,24,0,176,10,45045,17.6,7.38,14.3,1,0,1,0,4,2,"Rahat Ali",101
491,5,NULL,NULL,NULL,NULL,NULL,NULL,NULL,NULL,NULL,NULL,NULL,1,0,3,3,"Saad Nasim",79
492,3,NULL,NULL,NULL,NULL,NULL,NULL,NULL,NULL,NULL,NULL,NULL,2,0,7,4,"Colin Munro",185
493,6,6,18,0,144,10,45016,14.4,7.71,11.2,0,0,1,0,6,1,"Blessing Muzarabani",317
494,9,NULL,NULL,NULL,NULL,NULL,NULL,NULL,NULL,NULL,NULL,NULL,3,0,5,1,"Rilee Rossouw",130
495,4,NULL,NULL,NULL,NULL,NULL,NULL,NULL,NULL,NULL,NULL,NULL,2,0,4,4,"Rizwan Hussain",175
496,2,NULL,NULL,NULL,NULL,NULL,NULL,NULL,NULL,NULL,NULL,NULL,3,0,3,3,"Sabbir Rahman",158
497,7,NULL,NULL,NULL,NULL,NULL,NULL,NULL,NULL,NULL,NULL,NULL,7,0,2,2,"Umar Akmal",44
498,7,NULL,NULL,NULL,NULL,NULL,NULL,NULL,NULL,NULL,NULL,NULL,7,0,1,2,"Umar Akmal",44
499,4,4,16,0,129,5,45003,25.8,8.06,19.2,0,0,0,0,7,1,"Blessing Muzarabani",317
500,5,NULL,NULL,NULL,NULL,NULL,NULL,NULL,NULL,NULL,NULL,NULL,0,0,6,6,"Najibullah Zadran",280
501,8,NULL,NULL,NULL,NULL,NULL,NULL,NULL,NULL,NULL,NULL,NULL,6,0,5,5,"Jason Roy",112
502,6,NULL,NULL,NULL,NULL,NULL,NULL,NULL,NULL,NULL,NULL,NULL,3,0,3,4,"Sahibzada Farhan",137
503,2,NULL,NULL,NULL,NULL,NULL,NULL,NULL,NULL,NULL,NULL,NULL,0,0,2,4,"Umar Amin",15
504,2,NULL,NULL,NULL,NULL,NULL,NULL,NULL,NULL,NULL,NULL,NULL,0,0,1,4,"Umar Amin",15
505,10,10,38,0,306,14,45066,21.85,8.01,16.3,1,1,2,0,7,5,"Naseem Shah",212
506,4,4,8,0,89,0,NULL,NULL,11.12,NULL,0,0,1,0,6,5,"Naseem Shah",212
507,6,6,17,0,153,6,45014,25.5,8.91,17.1,0,0,1,0,5,4,"Rumman Raees",12
508,12,2,1,0,9,1,44929,9,5.4,10,0,0,6,0,4,5,"Rilee Rossouw",130
509,10,1,2,0,15,1,44941,15,7.5,12,0,0,1,0,3,1,"Saif Badar",113
510,6,6,21,0,179,4,44976,44.75,8.52,31.5,0,0,1,0,2,5,"Umar Gul",80
511,6,6,21,0,179,4,44976,44.75,8.52,31.5,0,0,1,0,1,5,"Umar Gul",80
512,1,NULL,NULL,NULL,NULL,NULL,NULL,NULL,NULL,NULL,NULL,NULL,1,0,7,4,"Nasir Nawaz",173
513,4,4,15,0,113,4,44976,28.25,7.53,22.5,0,0,0,0,6,6,"Noor Ahmad",281
514,2,NULL,NULL,NULL,NULL,NULL,NULL,NULL,NULL,NULL,NULL,NULL,2,0,5,6,"Sherfane Rutherford",234
515,8,8,30,0,272,8,45012,34,8.96,22.7,0,0,2,0,4,4,"Rumman Raees",12
516,3,3,5,0,60,1,44945,60,12,30,0,0,0,0,3,2,"Salman Irshad",150
517,7,7,25,0,195,6,44984,32.5,7.8,25,0,0,1,0,2,6,"Usama Mir",31
518,7,7,25,0,195,6,44984,32.5,7.8,25,0,0,1,0,1,6,"Usama Mir",31
519,4,4,16,0,138,2,44950,69,8.62,48,0,0,1,0,7,5,"Noor Ahmad",281
520,4,2,5,0,53,2,44952,26.5,10.6,15,0,0,1,0,6,2,"Samit Patel",121
521,1,NULL,NULL,NULL,NULL,NULL,NULL,NULL,NULL,NULL,NULL,NULL,0,0,5,2,"Salman Butt",242
522,4,4,11,0,118,1,44951,118,10.72,66,0,0,2,0,4,1,"Andre Russell",13
523,8,8,28,0,204,6,44978,34,7.28,28,0,0,1,0,3,3,"Sameen Gul",159
524,7,NULL,NULL,NULL,NULL,NULL,NULL,NULL,NULL,NULL,NULL,NULL,3,0,2,6,"James Vince",32
525,7,NULL,NULL,NULL,NULL,NULL,NULL,NULL,NULL,NULL,NULL,NULL,3,0,1,6,"James Vince",32
526,5,5,12,0,101,1,44957,101,8.41,72,0,0,0,0,7,2,"Samit Patel",121
527,3,3,7,0,56,4,44967,14,8,10.5,0,0,0,0,6,6,"Thisara Perera",129
528,5,5,13,0,143,7,45046,20.42,11,11.1,1,0,0,0,5,2,"Salman Irshad",150
529,11,3,4,0,52,2,44978,26,11.14,14,0,0,5,0,3,3,"Daren Sammy",61
530,9,9,34,0,245,15,45002,16.33,7.13,13.7,0,0,1,0,2,3,"Wahab Riaz",66
531,9,9,34,0,245,15,45002,16.33,7.13,13.7,0,0,1,0,1,3,"Wahab Riaz",66
532,5,2,2,0,18,1,44933,18,9,12,0,0,4,0,7,6,"Qasim Akram",282
533,8,1,1,0,8,0,NULL,NULL,8,NULL,0,0,3,0,6,3,"Rovman Powell",301
534,3,NULL,NULL,NULL,NULL,NULL,NULL,NULL,NULL,NULL,NULL,NULL,2,0,4,4,"Sahibzada Farhan",137
535,10,NULL,NULL,NULL,NULL,NULL,NULL,NULL,NULL,NULL,NULL,NULL,9,1,3,1,"Kumar Sangakkara",93
536,6,6,14,0,117,1,13516,117,8.35,84,0,0,2,0,2,4,"Shane Watson",16
537,6,6,14,0,117,1,13516,117,8.35,84,0,0,2,0,1,4,"Shane Watson",16
538,6,NULL,NULL,NULL,NULL,NULL,NULL,NULL,NULL,NULL,NULL,NULL,4,0,7,4,"Rahmanullah Gurbaz",318
539,2,2,7,0,64,3,45006,21.33,9.14,14,0,0,0,0,6,5,"Qais Ahmad",222
540,4,1,1,0,9,1,44935,9,9,6,0,0,0,0,5,3,"Daren Sammy",61
541,2,NULL,NULL,NULL,NULL,NULL,NULL,NULL,NULL,NULL,NULL,NULL,0,0,4,2,"Salman Butt",242
542,11,1,0,0,6,0,NULL,NULL,9,NULL,0,0,7,2,3,5,"Sarfaraz Ahmed",68
543,2,NULL,NULL,NULL,NULL,NULL,NULL,NULL,NULL,NULL,NULL,NULL,1,0,2,6,"Riki Wessels",162
544,2,NULL,NULL,NULL,NULL,NULL,NULL,NULL,NULL,NULL,NULL,NULL,1,0,1,6,"Riki Wessels",162
545,9,9,36,0,225,13,45033,17.3,6.25,16.6,1,0,1,0,7,2,"Rashid Khan",167
546,1,1,4,0,34,0,NULL,NULL,8.5,NULL,0,0,0,0,6,6,"Qasim Akram",282
547,9,NULL,NULL,NULL,NULL,NULL,NULL,NULL,NULL,NULL,NULL,NULL,6,1,5,5,"Sarfaraz Ahmed",68
548,12,12,44,0,289,9,45010,32.11,6.54,29.4,0,0,2,0,3,4,"Shadab Khan",91
549,6,NULL,NULL,NULL,NULL,NULL,NULL,NULL,NULL,NULL,NULL,NULL,1,0,2,5,"Luke Wright",81
550,6,NULL,NULL,NULL,NULL,NULL,NULL,NULL,NULL,NULL,NULL,NULL,1,0,1,5,"Luke Wright",81
551,3,NULL,NULL,NULL,NULL,NULL,NULL,NULL,NULL,NULL,NULL,NULL,0,0,7,6,"Rohail Nazir",135
552,1,NULL,NULL,NULL,NULL,NULL,NULL,NULL,NULL,NULL,NULL,NULL,1,0,6,1,"Rahmanullah Gurbaz",318
553,9,9,28,0,235,8,44971,29.37,8.24,21.3,0,0,4,0,5,4,"Shadab Khan",91
554,7,7,27,0,255,10,45014,25.5,9.44,16.2,0,0,0,0,4,3,"Sameen Gul",159
555,7,7,23,1,197,7,45050,28.14,8.32,20.2,0,1,1,0,3,2,"Shaheen Shah",151
556,6,5,12,0,102,7,45030,14.57,8.27,10.5,1,0,1,0,2,2,"Zafar Gohar",46
557,6,5,12,0,102,7,45030,14.57,8.27,10.5,1,0,1,0,1,2,"Zafar Gohar",46
558,11,NULL,NULL,NULL,NULL,NULL,NULL,NULL,NULL,NULL,NULL,NULL,4,0,7,1,"Rilee Rossouw",130
559,8,8,32,1,175,11,45066,15.9,5.46,17.4,0,1,2,0,6,2,"Rashid Khan",167
560,12,12,46,0,332,17,45034,19.52,7.11,16.4,1,0,2,0,5,2,"Shaheen Shah",151
561,13,NULL,NULL,NULL,NULL,NULL,NULL,NULL,NULL,NULL,NULL,NULL,4,0,4,3,"Daren Sammy",61
562,9,9,33,2,208,13,45003,16,6.3,15.2,0,0,3,0,3,6,"Shahid Afridi",62
563,3,3,8,0,69,3,13912,23,8.62,16,0,0,0,0,2,2,"Zia-ul-Haq ",47
564,3,3,8,0,69,3,13912,23,8.62,16,0,0,0,0,1,2,"Zia-ul-Haq ",47
565,6,NULL,NULL,NULL,NULL,NULL,NULL,NULL,NULL,NULL,NULL,NULL,1,0,7,5,"Jason Roy",112
566,4,NULL,NULL,NULL,NULL,NULL,NULL,NULL,NULL,NULL,NULL,NULL,3,1,6,4,"Rohail Nazir",135
567,9,8,23,0,178,7,44975,25.42,7.73,19.7,0,0,4,0,5,1,"Shahid Afridi",62
568,12,NULL,NULL,NULL,NULL,NULL,NULL,NULL,NULL,NULL,NULL,NULL,6,2,4,5,"Sarfaraz Ahmed",68
569,10,6,10,0,86,3,44932,28.66,8.6,20,0,0,3,0,3,1,"Shoaib Malik",17
570,7,7,22,0,183,3,12816,61,8.31,44,0,0,1,0,2,2,"Zohaib Khan",48
571,7,7,22,0,183,3,12816,61,8.31,44,0,0,1,0,1,2,"Zohaib Khan",48
572,6,6,17,0,160,3,44941,53.33,9.41,34,0,0,1,0,7,1,"Rumman Raees",12
573,12,NULL,NULL,NULL,NULL,NULL,NULL,NULL,NULL,NULL,NULL,NULL,4,0,6,1,"Rilee Rossouw",130
574,11,NULL,NULL,NULL,NULL,NULL,NULL,NULL,NULL,NULL,NULL,NULL,7,0,5,1,"Shan Masood",224
575,12,12,47,0,347,11,44977,31.54,7.38,25.6,0,0,5,0,4,4,"Shadab Khan",91
576,2,NULL,NULL,NULL,NULL,NULL,NULL,NULL,NULL,NULL,NULL,NULL,2,0,3,6,"Lendl Simmons",28
577,10,10,40,1,289,9,47150,32.11,7.22,26.6,0,0,5,0,2,5,"Zulfiqar Babar",82
578,10,10,40,1,289,9,47150,32.11,7.22,26.6,0,0,5,0,1,5,"Zulfiqar Babar",82
579,9,NULL,NULL,NULL,NULL,NULL,NULL,NULL,NULL,NULL,NULL,NULL,2,0,7,3,"Sherfane Rutherford",234
580,1,NULL,NULL,NULL,NULL,NULL,NULL,NULL,NULL,NULL,NULL,NULL,0,0,6,5,"Andre Russell",13
581,12,NULL,NULL,NULL,NULL,NULL,NULL,NULL,NULL,NULL,NULL,NULL,0,0,5,6,"Sharjeel Khan",14
582,8,8,28,1,239,10,45002,23.9,8.48,16.9,0,0,0,0,4,2,"Shaheen Shah",151
583,10,3,1,0,20,0,NULL,NULL,12,NULL,0,0,2,0,3,3,"Dwayne Smith",92
584,5,NULL,NULL,NULL,NULL,NULL,NULL,NULL,NULL,NULL,NULL,NULL,2,0,7,6,"Sahibzada Farhan",137
585,13,NULL,NULL,NULL,NULL,NULL,NULL,NULL,NULL,NULL,NULL,NULL,2,0,6,3,"Sherfane Rutherford",234
586,9,5,11,0,88,0,NULL,NULL,8,NULL,0,0,3,0,5,3,"Shoaib Malik",17
587,8,8,25,0,173,10,44975,17.3,6.74,15.4,0,0,2,0,4,1,"Shahid Afridi",62
588,10,NULL,NULL,NULL,NULL,NULL,NULL,NULL,NULL,NULL,NULL,NULL,4,0,3,1,"Sohaib Maqsood",43
589,8,8,32,0,264,15,45014,17.6,8.25,12.8,0,0,0,0,7,3,"Salman Irshad",150
590,7,NULL,NULL,NULL,NULL,NULL,NULL,NULL,NULL,NULL,NULL,NULL,1,0,6,5,"Saim Ayub",306
591,1,NULL,NULL,NULL,NULL,NULL,NULL,NULL,NULL,NULL,NULL,NULL,0,0,5,3,"Sohaib Maqsood",43
592,1,NULL,NULL,NULL,NULL,NULL,NULL,NULL,NULL,NULL,NULL,NULL,0,0,4,1,"Shakeel Ansar",223
593,9,NULL,NULL,NULL,NULL,NULL,NULL,NULL,NULL,NULL,NULL,NULL,2,0,3,2,"Sohail Akhtar",152
594,2,2,6,0,62,2,12816,31,10.33,18,0,0,0,0,6,2,"Salman Mirza",296
595,13,NULL,NULL,NULL,NULL,NULL,NULL,NULL,NULL,NULL,NULL,NULL,7,0,5,2,"Sohail Akhtar",152
596,4,NULL,NULL,NULL,NULL,NULL,NULL,NULL,NULL,NULL,NULL,NULL,3,0,4,1,"Shan Masood",224
597,7,7,25,0,226,8,12479,28.25,8.8,19.2,0,0,1,0,3,2,"Sohail Khan",29
598,1,1,4,0,41,2,15008,20.5,10.25,12,0,0,1,0,7,3,"Sameen Gul",159
599,8,7,25,0,235,7,44978,33.57,9.33,21.5,0,0,1,0,5,5,"Sohail Khan",29
600,10,4,13,0,76,0,NULL,NULL,5.84,NULL,0,0,1,0,4,1,"Shoaib Malik",17
601,10,9,32,0,250,7,44999,35.71,7.65,28,0,0,2,0,3,1,"Sohail Tanvir",30
602,10,NULL,NULL,NULL,NULL,NULL,NULL,NULL,NULL,NULL,NULL,NULL,4,0,7,5,"Sarfaraz Ahmed",68
603,3,3,11,0,95,5,44970,19,8.63,13.2,0,0,0,0,6,3,"Sameen Gul",159
604,10,9,30,1,230,14,45029,16.42,7.54,13,1,0,3,0,5,1,"Sohail Tanvir",30
605,3,2,6,1,32,3,44980,10.66,5.33,12,0,0,2,0,4,6,"Sikandar Raza",186
606,6,NULL,NULL,NULL,NULL,NULL,NULL,NULL,NULL,NULL,NULL,NULL,1,0,3,3,"Tamim Iqbal",65
607,9,8,32,0,207,19,45074,10.89,6.46,10.1,2,1,5,0,7,4,"Shadab Khan",91
608,10,NULL,NULL,NULL,NULL,NULL,NULL,NULL,NULL,NULL,NULL,NULL,4,0,6,5,"Sarfaraz Ahmed",68
609,4,4,11,1,84,2,44944,42,7.63,33,0,0,0,0,5,4,"Dale Steyn",230
610,5,1,0,0,6,0,NULL,NULL,18,NULL,0,0,1,0,4,5,"Dwayne Smith",92
611,12,12,46,0,323,13,45039,24.84,7.02,21.2,1,0,2,0,3,3,"Umaid Asif",161
612,13,13,52,0,394,20,45015,19.7,7.57,15.6,0,0,7,0,7,2,"Shaheen Shah",151
613,11,11,39,0,325,9,44971,36.11,8.33,26,0,0,3,0,6,4,"Shadab Khan",91
614,3,NULL,NULL,NULL,NULL,NULL,NULL,NULL,NULL,NULL,NULL,NULL,0,0,5,2,"Tamim Iqbal",65
615,5,1,1,0,8,0,NULL,NULL,8,NULL,0,0,1,0,4,3,"Sohaib Maqsood",43
616,5,NULL,NULL,NULL,NULL,NULL,NULL,NULL,NULL,NULL,NULL,NULL,4,0,3,2,"Umar Akmal",44
617,3,3,11,0,119,3,44984,39.66,10.81,22,0,0,0,0,7,5,"Shahid Afridi",62
618,10,10,40,1,292,16,44999,18.25,7.3,15,0,0,3,0,6,2,"Shaheen Shah",151
619,7,7,25,0,193,8,44975,24.12,7.72,18.7,0,0,2,0,5,6,"Umaid Asif",161
620,10,1,0,0,0,0,NULL,NULL,0,NULL,0,0,2,0,4,2,"Sohail Akhtar",152
621,6,NULL,NULL,NULL,NULL,NULL,NULL,NULL,NULL,NULL,NULL,NULL,2,0,3,5,"Umar Amin",15
622,11,11,36,0,336,17,45004,19.76,9.33,12.7,0,0,7,0,7,1,"Shahnawaz Dahani",319
623,4,4,15,0,135,2,44981,67.5,9,45,0,0,2,0,6,1,"Shahid Afridi",62
624,1,NULL,NULL,NULL,NULL,NULL,NULL,NULL,NULL,NULL,NULL,NULL,2,0,5,3,"Umar Amin",15
625,5,5,18,0,192,2,20852,96,10.66,54,0,0,1,0,4,6,"Sohail Khan",29
626,2,2,8,0,50,8,45101,6.25,6.25,6,0,1,0,0,3,1,"Umar Gul",80
627,12,NULL,NULL,NULL,NULL,NULL,NULL,NULL,NULL,NULL,NULL,NULL,7,0,7,1,"Shan Masood",224
628,11,11,40,1,340,20,45021,17,8.42,12.1,2,0,2,0,6,1,"Shahnawaz Dahani",319
629,6,5,17,0,155,4,44948,38.75,9.11,25.5,0,0,0,0,5,6,"Umer Khan",188
630,12,12,47,1,326,15,45037,21.73,6.93,18.8,1,0,5,0,4,5,"Sohail Tanvir",30
631,2,2,5,0,63,0,NULL,NULL,12.6,NULL,0,0,0,0,3,6,"Usama Mir",31
632,10,NULL,NULL,NULL,NULL,NULL,NULL,NULL,NULL,NULL,NULL,NULL,2,0,7,6,"Sharjeel Khan",14
633,7,NULL,NULL,NULL,NULL,NULL,NULL,NULL,NULL,NULL,NULL,NULL,2,0,6,1,"Shan Masood",224
634,3,3,8,0,71,0,NULL,NULL,8.87,NULL,0,0,3,0,5,6,"Usama Mir",31
635,2,2,8,0,62,0,NULL,NULL,7.75,NULL,0,0,1,0,4,6,"Aaron Summers",187
636,10,9,32,0,258,16,45033,16.12,8.02,12,1,0,2,0,3,6,"Usman Shinwari",104
637,11,7,11,0,72,3,44928,24,6.54,22,0,0,5,0,7,3,"Shoaib Malik",17
638,11,NULL,NULL,NULL,NULL,NULL,NULL,NULL,NULL,NULL,NULL,NULL,1,0,6,6,"Sharjeel Khan",14
639,1,1,4,0,24,1,44950,24,6,24,0,0,0,0,5,1,"Usman Qadir",114
640,2,2,8,0,73,3,17930,24.33,9.12,16,0,0,2,0,3,1,"Hardus Viljoen",201
641,6,NULL,NULL,NULL,NULL,NULL,NULL,NULL,NULL,NULL,NULL,NULL,4,0,7,5,"Will Smeed",346
642,13,5,9,0,71,1,44940,71,7.88,54,0,0,6,0,6,3,"Shoaib Malik",17
643,4,4,13,0,147,0,NULL,NULL,11.45,NULL,0,0,0,0,5,2,"Usman Shinwari",104
644,13,13,50,0,344,18,45015,19.11,6.9,16.6,0,0,4,0,3,3,"Wahab Riaz",66
645,7,NULL,NULL,NULL,NULL,NULL,NULL,NULL,NULL,NULL,NULL,NULL,1,0,7,1,"Sohaib Maqsood",43
646,1,1,3,0,26,0,NULL,NULL,8.66,NULL,0,0,0,0,6,1,"Sohaibullah ",320
647,8,8,30,0,264,7,44949,37.71,8.8,25.7,0,0,1,0,4,3,"Umaid Asif",161
648,5,NULL,NULL,NULL,NULL,NULL,NULL,NULL,NULL,NULL,NULL,NULL,3,0,3,4,"Chadwick Walton",138
649,2,NULL,NULL,NULL,NULL,NULL,NULL,NULL,NULL,NULL,NULL,NULL,0,0,7,2,"Sohail Akhtar",152
650,12,NULL,NULL,NULL,NULL,NULL,NULL,NULL,NULL,NULL,NULL,NULL,3,0,6,1,"Sohaib Maqsood",43
651,1,1,2,0,23,0,NULL,NULL,11.5,NULL,0,0,1,0,5,3,"Hardus Viljoen",201
652,1,NULL,NULL,NULL,NULL,NULL,NULL,NULL,NULL,NULL,NULL,NULL,0,0,4,2,"Umair Masood",200
653,10,10,36,0,276,11,45007,25.09,7.66,19.6,0,0,2,0,3,5,"shane Watson",16
654,2,2,7,0,96,0,NULL,NULL,13.71,NULL,0,0,0,0,7,3,"Sohail Khan",29
655,10,NULL,NULL,NULL,NULL,NULL,NULL,NULL,NULL,NULL,NULL,NULL,5,0,6,2,"Sohail Akhtar",152
656,5,NULL,NULL,NULL,NULL,NULL,NULL,NULL,NULL,NULL,NULL,NULL,6,0,5,1,"James Vince",32
657,12,NULL,NULL,NULL,NULL,NULL,NULL,NULL,NULL,NULL,NULL,NULL,4,0,4,5,"Umar Akmal",44
658,4,NULL,NULL,NULL,NULL,NULL,NULL,NULL,NULL,NULL,NULL,NULL,0,0,3,3,"Riki Wessels",162
659,7,7,26,0,258,2,47150,129,9.92,78,0,0,2,0,7,5,"Sohail Tanvir",30
660,5,5,20,0,174,2,12055,87,8.77,59.5,0,0,0,0,6,1,"Sohail Khan",29
661,10,10,36,0,292,11,45006,26.54,8.14,19.5,0,0,2,0,5,3,"Wahab Riaz",66
662,11,NULL,NULL,NULL,NULL,NULL,NULL,NULL,NULL,NULL,NULL,NULL,4,0,4,3,"Umar Amin",15
663,6,NULL,NULL,NULL,NULL,NULL,NULL,NULL,NULL,NULL,NULL,NULL,1,0,7,4,"Paul Stirling",274
664,8,8,29,0,240,5,45002,48,8.27,34.8,0,0,3,0,6,1,"Sohail Tanvir",30
665,12,NULL,NULL,NULL,NULL,NULL,NULL,NULL,NULL,NULL,NULL,NULL,10,0,5,6,"Chadwick Walton",138
666,7,NULL,NULL,NULL,NULL,NULL,NULL,NULL,NULL,NULL,NULL,NULL,4,1,4,1,"Umar Siddiq",225
667,1,1,3,0,33,0,NULL,NULL,11,NULL,0,0,0,0,3,6,"David Wiese",143
668,2,1,2,0,22,1,44948,22,11,12,0,0,0,0,7,6,"Jordan Thompson",331
669,3,3,10,0,98,4,16103,24.5,9.18,16,0,0,0,0,6,5,"Dale Steyn",230
670,3,3,12,0,63,6,44975,10.5,5.25,12,0,0,1,0,5,6,"Waqas Maqsood",177
671,11,10,34,0,242,15,45007,16.13,7.11,13.6,0,0,3,0,4,6,"Umer Khan",188
672,10,10,38,0,275,11,45005,25,7.23,20.7,0,0,0,0,3,2,"Yasir Shah",45
673,8,8,29,0,254,8,13210,31.75,8.61,22.1,0,0,1,0,7,6,"Umaid Asif",161
674,2,NULL,NULL,NULL,NULL,NULL,NULL,NULL,NULL,NULL,NULL,NULL,1,0,6,4,"Paul Stirling",274
675,9,NULL,NULL,NULL,NULL,NULL,NULL,NULL,NULL,NULL,NULL,NULL,3,0,5,5,"Shane Watson",16
676,9,9,31,0,302,13,45031,23.23,9.74,14.3,1,0,1,0,4,6,"Usman Shinwari",104
677,2,2,7,0,46,3,45010,15.33,6.57,14,0,0,0,0,3,4,"Zafar Gohar",46
678,5,NULL,NULL,NULL,NULL,NULL,NULL,NULL,NULL,NULL,NULL,NULL,2,0,7,5,"Umar Akmal",44
679,9,9,31,0,306,8,44974,38.25,9.71,23.6,0,0,4,0,6,3,"Umaid Asif",161
680,11,10,30,0,252,12,45012,21,8.4,15,0,0,6,0,5,2,"David Wiese",143
681,2,2,5,0,43,1,44956,43,8.6,30,0,0,1,0,4,2,"Hardus Viljoen",201
682,7,7,23,0,233,8,45010,29.12,10.13,17.2,0,0,0,0,7,3,"Usman Qadir",114
683,1,NULL,NULL,NULL,NULL,NULL,NULL,NULL,NULL,NULL,NULL,NULL,0,0,6,4,"Umar Amin",15
684,4,4,12,0,112,3,44985,37.33,9.33,24,0,0,2,0,5,3,"Yasir Shah",45
685,8,NULL,NULL,NULL,NULL,NULL,NULL,NULL,NULL,NULL,NULL,NULL,3,0,4,1,"James Vince",32
686,3,3,12,0,83,2,44954,41.5,6.91,36,0,0,0,0,7,6,"Usman Shinwari",104
687,6,NULL,NULL,NULL,NULL,NULL,NULL,NULL,NULL,NULL,NULL,NULL,3,0,6,5,"Usman Khan",307
688,3,3,10,0,62,5,45016,12.4,6.2,12,0,0,1,0,5,4,"Zafar Gohar",46
689,13,13,50,0,338,17,45002,19.88,6.78,17.5,0,0,5,0,4,3,"Wahab Riaz",66
690,6,NULL,NULL,NULL,NULL,NULL,NULL,NULL,NULL,NULL,NULL,NULL,2,0,7,5,"James Vince",32
691,4,4,15,0,108,4,44979,27,7.2,22.5,0,0,1,0,6,1,"Usman Qadir",114
692,1,1,3,0,26,0,NULL,NULL,9.17,NULL,0,0,0,0,5,5,"Zahid Mahmood",310
693,4,NULL,NULL,NULL,NULL,NULL,NULL,NULL,NULL,NULL,NULL,NULL,1,0,4,4,"Chadwick Walton",138
694,10,10,39,0,349,9,44976,38.77,8.94,26,0,0,4,0,7,3,"Wahab Riaz",66
695,5,5,18,0,173,5,11749,34.6,9.61,21.6,0,0,0,0,6,5,"Usman Shinwari",104
696,2,2,7,0,68,2,44951,34,8.86,23,0,0,0,0,4,4,"Waqas Maqsood",177
697,8,8,30,0,282,12,12875,23.5,9.4,15,1,0,2,0,7,4,"Waqas Maqsood",177
698,5,NULL,NULL,NULL,NULL,NULL,NULL,NULL,NULL,NULL,NULL,NULL,2,0,6,1,"James Vince",32
699,12,1,1,0,10,1,44936,10,10,6,0,0,3,0,4,5,"Shane Watson",16
700,13,13,29,0,244,9,44968,27.11,8.36,19.4,0,0,4,0,7,2,"David Wiese",143
701,12,12,47,2,422,18,45033,23.44,8.97,15.6,1,0,1,0,6,3,"Wahab Riaz",66
702,2,NULL,NULL,NULL,NULL,NULL,NULL,NULL,NULL,NULL,NULL,NULL,0,0,4,2,"Riki Wessels",162
703,8,8,25,0,208,13,45007,16,8.15,11.7,0,0,4,0,7,1,"David Willey",353
704,6,NULL,NULL,NULL,NULL,NULL,NULL,NULL,NULL,NULL,NULL,NULL,2,2,6,6,"Chadwick Walton",138
705,7,7,24,0,204,5,44941,40.8,8.5,28.8,0,0,3,0,4,2,"David Wiese",143
706,1,1,4,0,45,1,16438,45,11.25,24,0,0,0,0,7,5,"Luke Wood",347
707,1,1,3,0,38,0,NULL,NULL,12.66,NULL,0,0,0,0,6,3,"Waqar Salamkheil",205
708,5,5,17,0,136,3,44957,45.33,7.92,34.3,0,0,1,0,4,2,"Yasir Shah",45
709,7,7,20,0,192,7,44978,27.42,9.36,17.5,0,0,1,0,6,6,"Waqas Maqsood",177
710,2,2,7,0,58,3,10990,19.33,8.28,14,0,0,0,0,4,4,"Zafar Gohar",46
711,1,1,3,0,21,0,NULL,NULL,7,NULL,0,0,0,0,7,4,"Zafar Gohar",46
712,5,NULL,NULL,NULL,NULL,NULL,NULL,NULL,NULL,NULL,NULL,NULL,1,0,6,5,"Jake Weatherald",308
713,2,2,7,0,49,1,44946,49,7,42,0,0,0,0,7,4,"Zahid Mahmood",310
714,2,NULL,NULL,NULL,NULL,NULL,NULL,NULL,NULL,NULL,NULL,NULL,0,0,6,3,"Jonathan Wells",302
715,2,2,7,0,67,2,11689,33.5,9.57,21,0,0,1,0,7,4,"Zahir Khan",178
716,4,4,11,0,102,2,44956,51,9.27,33,0,0,0,0,6,2,"David Wiese",143
717,13,13,47,2,387,18,45032,21.5,8.26,15.6,1,0,3,0,7,2,"Zaman Khan",340
718,2,2,4,0,65,0,NULL,NULL,16.25,NULL,0,0,0,0,6,5,"Jack Wildermuth",309
719,3,3,7,0,100,0,NULL,NULL,14.28,NULL,0,0,1,0,6,4,"Zafar Gohar",46
720,2,2,2,0,17,1,44936,17,6.8,15,0,0,0,0,7,4,"Zeeshan Zameer",272
721,6,6,20,0,217,6,47150,36.16,10.85,20,0,0,0,0,6,5,"Zahid Mahmood",310
722,2,2,8,0,56,1,44951,56,7,48,0,0,1,0,6,5,"Zahir Khan",178
723,1,1,1,0,23,0,NULL,NULL,23,NULL,0,0,0,0,6,5,"Zahoor Khan",311
