,name,matches,innings,not_out,runs,high_score,average,ball_faced,strike_rate,hundreds,fifties,zeros,fours,sixes,season,team
0,Aamer Azmat,5,3,0,43,33,14.33,34,126.47,0,0,0,6,0,2021/2022,Multan Sultans
1,Aamer Yamin,5,5,1,56,20,14.00,39,143.58,0,0,0,2,4,2021/2022,Karachi Kings
2,Abbas Afridi,5,2,0,6,5,3.00,5,120.00,0,0,0,1,0,2021/2022,Multan Sultans
3,Abdullah Shafique,11,11,0,251,52,22.81,196,128.06,0,1,0,26,8,2021/2022,Lahore Qalandars
4,Abdul Bangalzai,1,1,0,14,14,14.00,13,107.69,0,0,0,0,1,2021/2022,Quetta Gladiators
5,Ahsan Ali,8,8,1,250,73,35.71,180,138.88,0,3,0,32,6,2021/2022,Quetta Gladiators
6,Ali Majid,1,-,-,-,-,-,-,-,-,-,-,-,-,2021/2022,Peshawar Zalmi
7,Amad Butt,2,2,1,10,9,10.00,7,142.85,0,0,0,1,0,2021/2022,Peshawar Zalmi
8,Anwar Ali,4,2,0,6,5,3.00,10,60.00,0,0,0,0,0,2021/2022,Multan Sultans
9,Arish Ali,1,1,0,0,0,0.00,1,0.00,0,0,1,0,0,2021/2022,Peshawar Zalmi
10,Arshad Iqbal,1,-,-,-,-,-,-,-,-,-,-,-,-,2021/2022,Peshawar Zalmi
11,Ashir Qureshi,4,1,0,0,0,0.00,1,0.00,0,0,1,0,0,2021/2022,Quetta Gladiators
12,Asif Afridi,5,1,0,1,1,1.00,3,33.33,0,0,0,0,0,2021/2022,Multan Sultans
13,Asif Ali,12,11,1,137,28,13.70,105,130.47,0,0,0,5,11,2021/2022,Islamabad United
14,Athar Mahmood,3,1,1,0,0*,-,0,-,0,0,0,0,0,2021/2022,Islamabad United
15,Azam Khan,12,11,1,296,85,29.60,209,141.62,0,2,1,19,19,2021/2022,Islamabad United
16,Babar Azam,10,10,1,343,90*,38.11,289,118.68,0,2,0,40,2,2021/2022,Karachi Kings
17,HC Brook,10,8,3,264,102*,52.80,154,171.42,1,0,0,23,11,2021/2022,Lahore Qalandars
18,PR Brown,2,-,-,-,-,-,-,-,-,-,-,-,-,2021/2022,Peshawar Zalmi
19,J Charles,2,-,-,-,-,-,-,-,-,-,-,-,-,2021/2022,Multan Sultans
20,JM Clarke,8,8,1,174,52,24.85,146,119.17,0,1,1,11,6,2021/2022,Karachi Kings
21,IA Cockbain,3,3,0,47,31,15.66,37,127.02,0,0,0,5,1,2021/2022,Karachi Kings
22,BCJ Cutting,9,9,2,197,52*,28.14,120,164.16,0,1,1,13,13,2021/2022,Peshawar Zalmi
23,Danish Aziz,3,3,1,36,30*,18.00,44,81.81,0,0,1,4,0,2021/2022,Islamabad United
24,TH David,11,11,4,278,71,39.71,143,194.40,0,2,0,20,21,2021/2022,Multan Sultans
25,LA Dawson,7,7,1,107,31,17.83,85,125.88,0,0,0,14,3,2021/2022,Islamabad United
26,M de Lange,5,3,2,9,7*,9.00,12,75.00,0,0,0,0,0,2021/2022,Islamabad United
27,BM Duckett,4,4,0,60,47,15.00,50,120.00,0,0,1,8,1,2021/2022,Quetta Gladiators
28,BR Dunk,2,1,0,9,9,9.00,11,81.81,0,0,0,0,0,2021/2022,Lahore Qalandars
29,Faheem Ashraf,10,8,4,121,55,30.25,68,177.94,0,1,1,12,8,2021/2022,Islamabad United
30,Fakhar Zaman,13,13,0,588,106,45.23,385,152.72,1,7,1,53,20,2021/2022,Lahore Qalandars
31,JP Faulkner,6,3,2,49,30*,49.00,27,181.48,0,0,0,3,3,2021/2022,Quetta Gladiators
32,Fawad Ahmed,1,1,1,0,0*,-,0,-,0,0,0,0,0,2021/2022,Lahore Qalandars
33,D Foxcroft,1,-,-,-,-,-,-,-,-,-,-,-,-,2021/2022,Lahore Qalandars
34,Ghulam Mudassar,5,1,0,0,0,0.00,2,0.00,0,0,1,0,0,2021/2022,Quetta Gladiators
35,L Gregory,7,7,2,72,27,14.40,70,102.85,0,0,0,9,0,2021/2022,Karachi Kings
36,Haider Ali,9,9,2,152,49,21.71,131,116.03,0,0,0,15,5,2021/2022,Peshawar Zalmi
37,AD Hales,9,9,1,355,82*,44.37,241,147.30,0,3,0,43,11,2021/2022,Islamabad United
38,Haris Rauf,13,4,2,8,7*,4.00,10,80.00,0,0,2,0,1,2021/2022,Lahore Qalandars
39,Hasan Ali,9,4,2,21,12*,10.50,21,100.00,0,0,0,1,0,2021/2022,Islamabad United
40,Hassan Khan,2,2,1,20,17,20.00,21,95.23,0,0,0,1,0,2021/2022,Quetta Gladiators
41,Hazratullah Zazai,7,7,0,170,52,24.28,136,125.00,0,1,1,21,4,2021/2022,Peshawar Zalmi
42,BAC Howell,1,1,1,2,2*,-,1,200.00,0,0,0,0,0,2021/2022,Peshawar Zalmi
43,Hussain Talat,9,8,2,177,52,29.50,141,125.53,0,2,0,17,3,2021/2022,Peshawar Zalmi
44,Iftikhar Ahmed,10,9,1,138,52,17.25,109,126.60,0,1,0,5,7,2021/2022,Quetta Gladiators
45,Ihsanullah,2,-,-,-,-,-,-,-,-,-,-,-,-,2021/2022,Multan Sultans
46,Imad Wasim,9,8,1,141,55,20.14,99,142.42,0,1,2,13,7,2021/2022,Karachi Kings
47,Imran Khan,3,-,-,-,-,-,-,-,-,-,-,-,-,2021/2022,Multan Sultans
48,Imran Tahir,12,2,0,13,10,6.50,16,81.25,0,0,0,2,0,2021/2022,Multan Sultans
49,WG Jacks,2,2,0,11,11,5.50,10,110.00,0,0,1,0,1,2021/2022,Islamabad United
50,CJ Jordan,5,5,2,6,5,2.00,7,85.71,0,0,2,1,0,2021/2022,Karachi Kings
51,Kamran Akmal,6,6,0,152,58,25.33,110,138.18,0,1,0,16,5,2021/2022,Peshawar Zalmi
52,Kamran Ghulam,13,13,1,299,55*,24.91,255,117.25,0,1,1,25,9,2021/2022,Lahore Qalandars
53,Khalid Usman,2,1,1,19,19*,-,11,172.72,0,0,0,2,0,2021/2022,Peshawar Zalmi
54,Khurram Shahzad,2,1,1,0,0*,-,2,0.00,0,0,0,0,0,2021/2022,Quetta Gladiators
55,Khushdil Shah,12,10,4,153,32,25.50,84,182.14,0,0,0,14,10,2021/2022,Multan Sultans
56,T Kohler-Cadmore,2,2,0,22,22,11.00,19,115.78,0,0,1,3,1,2021/2022,Peshawar Zalmi
57,TA Lammonby,3,3,0,4,3,1.33,6,66.66,0,0,1,0,0,2021/2022,Karachi Kings
58,LS Livingstone,4,4,0,39,24,9.75,35,111.42,0,0,1,4,2,2021/2022,Peshawar Zalmi
59,S Mahmood,2,2,2,11,11*,-,11,100.00,0,0,0,0,1,2021/2022,Peshawar Zalmi
60,Mir Hamza,4,1,1,1,1*,-,2,50.00,0,0,0,0,0,2021/2022,Karachi Kings
61,Mohammad Hafeez,13,13,2,323,69,29.36,251,128.68,0,1,1,27,8,2021/2022,Lahore Qalandars
62,Mohammad Haris,5,5,0,166,70,33.20,89,186.51,0,1,0,19,9,2021/2022,Peshawar Zalmi
63,Mohammad Hasnain,3,1,1,0,0*,-,0,-,0,0,0,0,0,2021/2022,Quetta Gladiators
64,Mohammad Huraira,1,1,0,2,2,2.00,8,25.00,0,0,0,0,0,2021/2022,Islamabad United
65,Mohammad Ilyas,3,1,0,7,7,7.00,10,70.00,0,0,0,1,0,2021/2022,Karachi Kings
66,Mohammad Imran,3,1,1,0,0*,-,0,-,0,0,0,0,0,2021/2022,Karachi Kings
67,Mohammad Irfan,2,1,0,0,0,0.00,1,0.00,0,0,1,0,0,2021/2022,Quetta Gladiators
68,Mohammad Nabi,9,9,1,129,47*,16.12,111,116.21,0,0,1,11,3,2021/2022,Karachi Kings
69,Mohammad Nawaz,5,4,2,78,47,39.00,38,205.26,0,0,0,4,7,2021/2022,Quetta Gladiators
70,Mohammad Rizwan,12,12,4,546,83*,68.25,431,126.68,0,7,1,47,9,2021/2022,Multan Sultans
71,Mohammad Taha,5,2,0,6,6,3.00,11,54.54,0,0,1,0,0,2021/2022,Karachi Kings
72,Mohammad Umar,6,2,0,3,3,1.50,10,30.00,0,0,1,0,0,2021/2022,Peshawar Zalmi
73,Mohammad Wasim,8,4,1,32,12*,10.66,28,114.28,0,0,0,2,2,2021/2022,Islamabad United
74,Mubasir Khan,7,3,0,36,21,12.00,33,109.09,0,0,0,2,1,2021/2022,Islamabad United
75,Muhammad Akhlaq,2,2,0,2,2,1.00,8,25.00,0,0,1,0,0,2021/2022,Islamabad United
76,Muhammad Musa,2,2,2,32,26*,-,26,123.07,0,0,0,3,2,2021/2022,Islamabad United
77,C Munro,3,3,1,165,72*,82.50,117,141.02,0,2,0,8,9,2021/2022,Islamabad United
78,B Muzarabani,4,1,0,0,0,0.00,2,0.00,0,0,1,0,0,2021/2022,Multan Sultans
79,Naseem Shah,10,4,1,8,5*,2.66,13,61.53,0,0,1,1,0,2021/2022,Quetta Gladiators
80,Nasir Nawaz,1,1,0,14,14,14.00,17,82.35,0,0,0,0,0,2021/2022,Islamabad United
81,Noor Ahmad,4,3,1,21,13*,10.50,13,161.53,0,0,1,2,1,2021/2022,Quetta Gladiators
82,SR Patel,5,3,1,58,26*,29.00,47,123.40,0,0,0,6,1,2021/2022,Lahore Qalandars
83,Qasim Akram,5,4,1,99,51*,33.00,64,154.68,0,1,0,9,4,2021/2022,Karachi Kings
84,Rahmanullah Gurbaz,6,6,1,139,46,27.80,77,180.51,0,0,0,9,12,2021/2022,Islamabad United
85,Rashid Khan,9,5,4,55,22*,55.00,25,220.00,0,0,1,2,6,2021/2022,Lahore Qalandars
86,Rohail Nazir,3,3,0,47,21,15.66,36,130.55,0,0,0,7,0,2021/2022,Karachi Kings
87,RR Rossouw,11,10,3,275,71,39.28,164,167.68,0,3,1,25,14,2021/2022,Multan Sultans
88,JJ Roy,6,6,0,303,116,50.50,178,170.22,1,2,1,41,10,2021/2022,Quetta Gladiators
89,Rumman Raees,6,1,0,6,6,6.00,7,85.71,0,0,0,1,0,2021/2022,Multan Sultans
90,SE Rutherford,9,9,2,160,70*,22.85,113,141.59,0,1,1,16,8,2021/2022,Peshawar Zalmi
91,Sahibzada Farhan,5,5,1,51,25,12.75,50,102.00,0,0,1,6,1,2021/2022,Karachi Kings
92,Salman Irshad,8,2,1,3,2,3.00,6,50.00,0,0,0,0,0,2021/2022,Peshawar Zalmi
93,PD Salt,9,8,1,63,26*,9.00,55,114.54,0,0,0,5,2,2021/2022,Lahore Qalandars
94,Sameen Gul,1,-,-,-,-,-,-,-,-,-,-,-,-,2021/2022,Peshawar Zalmi
95,Sarfaraz Ahmed,10,7,3,152,50*,38.00,132,115.15,0,1,0,14,2,2021/2022,Quetta Gladiators
96,Shadab Khan,9,8,0,268,91,33.50,165,162.42,0,2,0,17,18,2021/2022,Islamabad United
97,Shaheen Shah Afridi,13,5,2,44,39*,14.66,28,157.14,0,0,1,3,4,2021/2022,Lahore Qalandars
98,Shahid Afridi,3,1,0,4,4,4.00,8,50.00,0,0,0,0,0,2021/2022,Quetta Gladiators
99,Shahnawaz Dahani,11,2,2,6,6*,-,9,66.66,0,0,0,1,0,2021/2022,Multan Sultans
100,Shan Masood,12,12,0,478,88,39.83,346,138.15,0,4,0,54,10,2021/2022,Multan Sultans
101,Sharjeel Khan,10,10,0,231,60,23.10,177,130.50,0,1,1,21,14,2021/2022,Karachi Kings
102,Shoaib Malik,11,11,2,401,58,44.55,292,137.32,0,3,0,31,14,2021/2022,Peshawar Zalmi
103,WCF Smeed,6,6,0,240,99,40.00,175,137.14,0,2,0,28,8,2021/2022,Quetta Gladiators
104,Sohaib Maqsood,7,7,1,139,30,23.16,126,110.31,0,0,0,11,6,2021/2022,Multan Sultans
105,Sohail Akhtar,2,2,0,34,19,17.00,28,121.42,0,0,0,2,2,2021/2022,Lahore Qalandars
106,Sohail Khan,2,-,-,-,-,-,-,-,-,-,-,-,-,2021/2022,Peshawar Zalmi
107,Sohail Tanvir,7,5,1,27,13,6.75,32,84.37,0,0,1,1,1,2021/2022,Quetta Gladiators
108,PR Stirling,6,6,0,200,58,33.33,113,176.99,0,2,0,24,10,2021/2022,Islamabad United
109,JA Thompson,2,1,0,0,0,0.00,1,0.00,0,0,1,0,0,2021/2022,Karachi Kings
110,Umaid Asif,8,3,2,12,10,12.00,14,85.71,0,0,0,2,0,2021/2022,Karachi Kings
111,Umar Akmal,5,5,0,101,50,20.20,58,174.13,0,1,0,5,10,2021/2022,Quetta Gladiators
112,Usman Qadir,7,4,3,25,12,25.00,15,166.66,0,0,0,1,2,2021/2022,Peshawar Zalmi
113,Usman Shinwari,3,3,2,15,8*,15.00,19,78.94,0,0,0,0,1,2021/2022,Karachi Kings
114,JM Vince,6,6,1,107,49*,21.40,91,117.58,0,0,3,11,2,2021/2022,Quetta Gladiators
115,Wahab Riaz,10,7,2,7,2*,1.40,17,41.17,0,0,2,0,0,2021/2022,Peshawar Zalmi
116,Waqas Maqsood,8,2,0,1,1,0.50,6,16.66,0,0,1,0,0,2021/2022,Islamabad United
117,D Wiese,13,11,5,168,31,28.00,91,184.61,0,0,1,8,12,2021/2022,Lahore Qalandars
118,DJ Willey,8,4,3,28,28*,28.00,33,84.84,0,0,1,1,1,2021/2022,Multan Sultans
119,L Wood,1,-,-,-,-,-,-,-,-,-,-,-,-,2021/2022,Quetta Gladiators
120,Yasir Khan,4,4,0,87,35,21.75,57,152.63,0,0,0,11,4,2021/2022,Peshawar Zalmi
121,Zafar Gohar,1,1,0,9,9,9.00,9,100.00,0,0,0,0,0,2021/2022,Islamabad United
122,Zahid Mahmood,2,1,1,3,3*,-,9,33.33,0,0,0,0,0,2021/2022,Islamabad United
123,Zahir Khan,2,1,1,0,0*,-,1,0.00,0,0,0,0,0,2021/2022,Islamabad United
124,Zaman Khan,13,3,3,1,1*,-,5,20.00,0,0,0,0,0,2021/2022,Lahore Qalandars
125,Zeeshan Ashraf,2,1,0,7,7,7.00,5,140.00,0,0,0,1,0,2021/2022,Lahore Qalandars
126,Zeeshan Zameer,2,-,-,-,-,-,-,-,-,-,-,-,-,2021/2022,Islamabad United
0,Aamer Yamin,4,1,0,0,0,0.00,2,0.00,0,0,1,0,0,2020/2021,Karachi Kings
1,Abbas Afridi,4,1,1,27,27*,-,18,150.00,0,0,0,1,3,2020/2021,Karachi Kings
2,Abdul Nasir,1,1,0,0,0,0.00,2,0.00,0,0,1,0,0,2020/2021,Quetta Gladiators
3,Abrar Ahmed,2,-,-,-,-,-,-,-,-,-,-,-,-,2020/2021,Peshawar Zalmi
4,Agha Salman,4,3,0,35,21,11.66,33,106.06,0,0,0,5,0,2020/2021,Lahore Qalandars
5,Ahmed Daniyal,10,4,2,10,6*,5.00,20,50.00,0,0,1,1,0,2020/2021,Lahore Qalandars
6,Akif Javed,5,2,2,0,0*,-,1,0.00,0,0,0,0,0,2020/2021,Islamabad United
7,Ali Khan,3,-,-,-,-,-,-,-,-,-,-,-,-,2020/2021,Islamabad United
8,FA Allen,3,3,1,3,3,1.50,6,50.00,0,0,1,0,0,2020/2021,Peshawar Zalmi
9,Amad Butt,4,3,2,57,27*,57.00,24,237.50,0,0,0,5,4,2020/2021,Peshawar Zalmi
10,Anwar Ali,1,1,1,1,1*,-,1,100.00,0,0,0,0,0,2020/2021,Quetta Gladiators
11,Arish Ali,1,-,-,-,-,-,-,-,-,-,-,-,-,2020/2021,Quetta Gladiators
12,Arshad Iqbal,9,1,1,0,0*,-,1,0.00,0,0,0,0,0,2020/2021,Karachi Kings
13,Asif Ali,12,10,2,224,75,28.00,134,167.16,0,1,0,15,18,2020/2021,Islamabad United
14,Azam Khan,10,10,0,174,47,17.40,130,133.84,0,0,1,18,7,2020/2021,Quetta Gladiators
15,Babar Azam,11,11,3,554,90*,69.25,418,132.53,0,7,1,56,12,2020/2021,Karachi Kings
16,T Banton,2,2,0,9,5,4.50,11,81.81,0,0,0,1,0,2020/2021,Quetta Gladiators
17,RS Bopara,2,2,1,108,58*,108.00,84,128.57,0,2,0,12,1,2020/2021,Peshawar Zalmi
18,CR Brathwaite,5,3,2,29,22*,29.00,20,145.00,0,0,0,3,1,2020/2021,Multan Sultans
19,J Charles,5,5,0,117,47,23.40,71,164.78,0,0,1,11,5,2020/2021,Multan Sultans
20,DT Christian,5,3,2,55,27,55.00,28,196.42,0,0,0,9,1,2020/2021,Karachi Kings
21,JM Clarke,5,4,0,121,54,30.25,69,175.36,0,1,0,14,7,2020/2021,Karachi Kings
22,BCJ Cutting,5,5,0,49,23,9.80,45,108.88,0,0,1,5,1,2020/2021,Quetta Gladiators
23,Danish Aziz,3,3,1,74,45,37.00,35,211.42,0,0,0,3,7,2020/2021,Karachi Kings
24,TH David,6,6,2,180,64*,45.00,108,166.66,0,1,0,11,12,2020/2021,Lahore Qalandars
25,CS Delport,5,5,0,13,10,2.60,22,59.09,0,0,2,1,0,2020/2021,Quetta Gladiators
26,JL Denly,2,2,0,31,31,15.50,30,103.33,0,0,1,2,2,2020/2021,Lahore Qalandars
27,BR Dunk,10,9,1,163,57*,20.37,127,128.34,0,1,0,13,7,2020/2021,Lahore Qalandars
28,F du Plessis,5,4,0,76,37,19.00,62,122.58,0,0,0,8,1,2020/2021,Quetta Gladiators
29,Faheem Ashraf,8,6,0,77,27,12.83,63,122.22,0,0,1,6,4,2020/2021,Islamabad United
30,Fakhar Zaman,10,10,1,287,83,31.88,237,121.09,0,2,0,26,11,2020/2021,Lahore Qalandars
31,JP Faulkner,6,5,1,90,33,22.50,53,169.81,0,0,0,4,7,2020/2021,Lahore Qalandars
32,Fawad Ahmed,5,2,2,4,4*,-,6,66.66,0,0,0,0,0,2020/2021,Islamabad United
33,CH Gayle,2,2,0,107,68,53.50,64,167.18,0,1,0,9,7,2020/2021,Quetta Gladiators
34,L Gregory,2,1,1,49,49*,-,31,158.06,0,0,0,6,1,2020/2021,Islamabad United
35,MJ Guptill,6,6,0,69,43,11.50,66,104.54,0,0,1,6,3,2020/2021,Karachi Kings
36,Haider Ali,9,9,1,166,50,20.75,121,137.19,0,1,2,16,8,2020/2021,Peshawar Zalmi
37,AD Hales,4,4,0,139,46,34.75,81,171.60,0,0,0,20,4,2020/2021,Islamabad United
38,Hammad Azam,1,1,0,9,9,9.00,16,56.25,0,0,0,0,0,2020/2021,Multan Sultans
39,Haris Rauf,9,3,0,37,19,12.33,20,185.00,0,0,0,2,3,2020/2021,Lahore Qalandars
40,Hasan Ali,10,4,0,76,45,19.00,40,190.00,0,0,0,7,4,2020/2021,Islamabad United
41,Hassan Khan,3,3,1,36,24,18.00,32,112.50,0,0,1,4,0,2020/2021,Quetta Gladiators
42,Hazratullah Zazai,5,5,0,212,77,42.40,114,185.96,0,3,1,24,14,2020/2021,Peshawar Zalmi
43,SO Hetmyer,2,1,0,7,7,7.00,9,77.77,0,0,0,0,0,2020/2021,Multan Sultans
44,Hussain Talat,11,8,1,156,42,22.28,151,103.31,0,0,0,13,1,2020/2021,Islamabad United
45,Iftikhar Ahmed,12,9,3,221,71*,36.83,179,123.46,0,1,0,16,9,2020/2021,Islamabad United
46,Imad Wasim,11,6,1,68,30*,13.60,65,104.61,0,0,2,5,2,2020/2021,Karachi Kings
47,Imam-ul-Haq,6,6,0,107,48,17.83,98,109.18,0,0,2,10,1,2020/2021,Peshawar Zalmi
48,Imran Khan,7,2,2,3,3*,-,4,75.00,0,0,0,0,0,2020/2021,Multan Sultans
49,Imran Tahir,7,2,0,18,14,9.00,10,180.00,0,0,0,2,1,2020/2021,Multan Sultans
50,CA Ingram,5,4,1,26,17*,8.66,39,66.66,0,0,1,2,0,2020/2021,Karachi Kings
51,Kamran Akmal,13,13,0,283,59,21.76,219,129.22,0,2,0,39,7,2020/2021,Peshawar Zalmi
52,Khalid Usman,1,1,0,17,17,17.00,14,121.42,0,0,0,1,1,2020/2021,Peshawar Zalmi
53,UT Khawaja,7,7,2,246,105*,49.20,161,152.79,1,1,1,31,5,2020/2021,Islamabad United
54,Khurram Shahzad,5,3,0,12,11,4.00,27,44.44,0,0,1,0,0,2020/2021,Quetta Gladiators
55,Khushdil Shah,11,9,5,165,44*,41.25,120,137.50,0,0,0,7,10,2020/2021,Multan Sultans
56,BA King,3,3,1,69,46*,34.50,45,153.33,0,0,0,7,4,2020/2021,Islamabad United
57,T Kohler-Cadmore,4,4,0,113,53,28.25,93,121.50,0,1,0,11,4,2020/2021,Peshawar Zalmi
58,CA Lynn,4,4,0,34,32,8.50,25,136.00,0,0,1,6,1,2020/2021,Multan Sultans
59,S Mahmood,5,1,0,0,0,0.00,1,0.00,0,0,1,0,0,2020/2021,Peshawar Zalmi
60,DA Miller,3,3,0,116,73,38.66,83,139.75,0,1,0,10,5,2020/2021,Peshawar Zalmi
61,Mohammad Amir,11,3,1,8,7*,4.00,6,133.33,0,0,1,1,0,2020/2021,Karachi Kings
62,Mohammad Hafeez,10,10,2,271,73*,33.87,196,138.26,0,2,0,22,14,2020/2021,Lahore Qalandars
63,Mohammad Hasnain,9,4,2,5,4,2.50,11,45.45,0,0,1,1,0,2020/2021,Quetta Gladiators
64,Mohammad Ilyas,5,3,2,9,4*,9.00,9,100.00,0,0,0,0,0,2020/2021,Karachi Kings
65,Mohammad Imran,11,2,1,1,1*,1.00,3,33.33,0,0,1,0,0,2020/2021,Peshawar Zalmi
66,Mohammad Irfan,10,1,1,0,0*,-,5,0.00,0,0,0,0,0,2020/2021,Peshawar Zalmi
67,Mohammad Nabi,5,5,2,174,67,58.00,97,179.38,0,2,0,16,11,2020/2021,Karachi Kings
68,Mohammad Nawaz,9,9,2,109,33*,15.57,88,123.86,0,0,1,9,4,2020/2021,Quetta Gladiators
69,Mohammad Rizwan,12,12,1,500,82*,45.45,391,127.87,0,4,1,56,10,2020/2021,Multan Sultans
70,Mohammad Umar,2,1,0,0,0,0.00,1,0.00,0,0,1,0,0,2020/2021,Multan Sultans
71,Mohammad Wasim,11,6,4,45,17*,22.50,30,150.00,0,0,0,2,4,2020/2021,Islamabad United
72,Muhammad Akhlaq,5,4,0,44,26,11.00,31,141.93,0,0,0,6,2,2020/2021,Islamabad United
73,Muhammad Faizan,2,2,0,17,9,8.50,33,51.51,0,0,0,1,0,2020/2021,Lahore Qalandars
74,Muhammad Musa,3,1,1,0,0*,-,0,-,0,0,0,0,0,2020/2021,Islamabad United
75,Mujeeb Ur Rahman,4,1,1,0,0*,-,0,-,0,0,0,0,0,2020/2021,Peshawar Zalmi
76,C Munro,7,7,2,285,90*,57.00,168,169.64,0,2,1,37,11,2020/2021,Islamabad United
77,B Muzarabani,6,2,0,0,0,0.00,5,0.00,0,0,2,0,0,2020/2021,Multan Sultans
78,Najibullah Zadran,5,5,1,111,71*,27.75,89,124.71,0,1,1,6,6,2020/2021,Karachi Kings
79,Naseem Shah,4,1,1,1,1*,-,4,25.00,0,0,0,0,0,2020/2021,Quetta Gladiators
80,Noor Ahmad,4,1,1,0,0*,-,0,-,0,0,0,0,0,2020/2021,Karachi Kings
81,SR Patel,4,2,1,34,26*,34.00,31,109.67,0,0,0,2,1,2020/2021,Lahore Qalandars
82,NLTC Perera,3,3,0,37,37,12.33,21,176.19,0,0,2,4,3,2020/2021,Karachi Kings
83,R Powell,8,7,3,87,43*,21.75,62,140.32,0,0,1,6,6,2020/2021,Peshawar Zalmi
84,Qais Ahmad,2,2,1,18,16,18.00,16,112.50,0,0,0,1,1,2020/2021,Quetta Gladiators
85,Qasim Akram,1,1,0,10,10,10.00,3,333.33,0,0,0,1,1,2020/2021,Karachi Kings
86,Rahmanullah Gurbaz,1,1,0,3,3,3.00,4,75.00,0,0,0,0,0,2020/2021,Multan Sultans
87,Rashid Khan,8,7,3,75,27*,18.75,55,136.36,0,0,0,8,2,2020/2021,Lahore Qalandars
88,Rohail Nazir,4,3,0,43,34,14.33,36,119.44,0,0,0,6,1,2020/2021,Islamabad United
89,RR Rossouw,12,12,3,177,50,19.66,112,158.03,0,1,1,20,7,2020/2021,Multan Sultans
90,AD Russell,1,1,0,13,13,13.00,6,216.66,0,0,0,0,2,2020/2021,Quetta Gladiators
91,SE Rutherford,13,12,4,276,56,34.50,180,153.33,0,1,0,16,21,2020/2021,Peshawar Zalmi
92,Saim Ayub,7,7,0,114,35,16.28,105,108.57,0,0,0,14,3,2020/2021,Quetta Gladiators
93,Salman Mirza,2,-,-,-,-,-,-,-,-,-,-,-,-,2020/2021,Lahore Qalandars
94,PD Salt,3,3,0,22,13,7.33,25,88.00,0,0,1,3,0,2020/2021,Islamabad United
95,Sameen Gul,3,1,1,7,7*,-,11,63.63,0,0,0,1,0,2020/2021,Peshawar Zalmi
96,Sarfaraz Ahmed,10,10,3,321,81,45.85,233,137.76,0,3,0,35,7,2020/2021,Quetta Gladiators
97,Shadab Khan,11,9,0,94,35,10.44,90,104.44,0,0,2,11,1,2020/2021,Islamabad United
98,Shaheen Shah Afridi,10,6,3,17,12,5.66,13,130.76,0,0,1,1,1,2020/2021,Lahore Qalandars
99,Shahid Afridi,4,2,0,3,3,1.50,6,50.00,0,0,1,0,0,2020/2021,Multan Sultans
100,Shahnawaz Dahani,11,2,1,0,0*,0.00,1,0.00,0,0,1,0,0,2020/2021,Multan Sultans
101,Shan Masood,7,7,0,209,73,29.85,147,142.17,0,2,1,25,7,2020/2021,Multan Sultans
102,Sharjeel Khan,11,11,0,338,105,30.72,228,148.24,1,1,1,31,23,2020/2021,Karachi Kings
103,Shoaib Malik,13,13,3,354,73,35.40,237,149.36,0,2,2,29,17,2020/2021,Peshawar Zalmi
104,Sohaibullah,1,-,-,-,-,-,-,-,-,-,-,-,-,2020/2021,Multan Sultans
105,Sohaib Maqsood,12,12,3,428,65*,47.55,273,156.77,0,5,0,39,22,2020/2021,Multan Sultans
106,Sohail Akhtar,10,10,0,149,40,14.90,136,109.55,0,0,2,22,2,2020/2021,Lahore Qalandars
107,Sohail Khan,5,2,0,16,8,8.00,14,114.28,0,0,0,1,1,2020/2021,Multan Sultans
108,Sohail Tanvir,8,5,4,58,26*,58.00,39,148.71,0,0,0,5,2,2020/2021,Multan Sultans
109,DW Steyn,3,2,2,0,0*,-,2,0.00,0,0,0,0,0,2020/2021,Quetta Gladiators
110,PR Stirling,2,2,0,57,56,28.50,35,162.85,0,1,0,8,2,2020/2021,Islamabad United
111,Umaid Asif,9,3,3,47,23*,-,22,213.63,0,0,0,3,4,2020/2021,Peshawar Zalmi
112,Umar Amin,1,1,0,13,13,13.00,15,86.66,0,0,0,1,0,2020/2021,Islamabad United
113,Usman Khan,6,6,0,150,81,25.00,123,121.95,0,1,1,16,5,2020/2021,Quetta Gladiators
114,Usman Qadir,4,1,0,4,4,4.00,5,80.00,0,0,0,1,0,2020/2021,Multan Sultans
115,Usman Shinwari,5,2,0,7,7,3.50,10,70.00,0,0,1,1,0,2020/2021,Quetta Gladiators
116,JM Vince,5,5,0,174,84,34.80,128,135.93,0,1,0,20,5,2020/2021,Multan Sultans
117,Wahab Riaz,12,6,3,66,28*,22.00,36,183.33,0,0,1,3,5,2020/2021,Peshawar Zalmi
118,CAK Walton,6,6,2,89,35,22.25,67,132.83,0,0,1,6,4,2020/2021,Karachi Kings
119,Waqar Salamkheil,1,-,-,-,-,-,-,-,-,-,-,-,-,2020/2021,Peshawar Zalmi
120,Waqas Maqsood,7,2,0,19,12,9.50,18,105.55,0,0,0,2,1,2020/2021,Karachi Kings
121,J Weatherald,5,5,0,148,48,29.60,118,125.42,0,0,0,16,7,2020/2021,Quetta Gladiators
122,JW Wells,2,2,1,61,55*,61.00,56,108.92,0,1,0,6,3,2020/2021,Peshawar Zalmi
123,D Wiese,4,3,1,44,31*,22.00,18,244.44,0,0,1,4,4,2020/2021,Lahore Qalandars
124,JD Wildermuth,2,2,1,17,9,17.00,18,94.44,0,0,0,1,0,2020/2021,Quetta Gladiators
125,Zafar Gohar,3,1,1,3,3*,-,4,75.00,0,0,0,0,0,2020/2021,Islamabad United
126,Zahid Mahmood,6,4,1,5,5,1.66,11,45.45,0,0,2,0,0,2020/2021,Quetta Gladiators
127,Zahir Khan,2,2,1,12,6*,12.00,8,150.00,0,0,0,2,0,2020/2021,Quetta Gladiators
128,Zahoor Khan,1,-,-,-,-,-,-,-,-,-,-,-,-,2020/2021,Quetta Gladiators
129,Zeeshan Ashraf,3,2,0,17,16,8.50,20,85.00,0,0,0,0,1,2020/2021,Lahore Qalandars
0,Aamer Yamin,3,-,-,-,-,-,-,-,-,-,-,-,-,2019/2020,Karachi Kings
1,Abdul Nasir,1,1,1,1,1*,-,2,50.00,0,0,0,0,0,2019/2020,Quetta Gladiators
2,Adil Amin,1,1,1,7,7*,-,7,100.00,0,0,0,1,0,2019/2020,Peshawar Zalmi
3,Ahmed Safi Abdullah,3,2,2,9,8*,-,13,69.23,0,0,0,1,0,2019/2020,Islamabad United
4,Ahmed Shehzad,7,7,0,61,12,8.71,64,95.31,0,0,1,5,3,2019/2020,Quetta Gladiators
5,Ahsan Ali,3,2,0,16,14,8.00,19,84.21,0,0,0,1,0,2019/2020,Quetta Gladiators
6,Akif Javed,6,1,1,0,0*,-,2,0.00,0,0,0,0,0,2019/2020,Islamabad United
7,MM Ali,9,9,1,138,65,17.25,106,130.18,0,1,1,13,5,2019/2020,Multan Sultans
8,Ali Khan,1,-,-,-,-,-,-,-,-,-,-,-,-,2019/2020,Karachi Kings
9,Ali Shafiq,2,-,-,-,-,-,-,-,-,-,-,-,-,2019/2020,Multan Sultans
10,Amad Butt,5,4,0,22,8,5.50,17,129.41,0,0,1,0,3,2019/2020,Islamabad United
11,Anwar Ali,3,3,1,30,14,15.00,17,176.47,0,0,0,2,2,2019/2020,Quetta Gladiators
12,Arshad Iqbal,7,-,-,-,-,-,-,-,-,-,-,-,-,2019/2020,Karachi Kings
13,Asad Shafiq,1,1,0,1,1,1.00,1,100.00,0,0,0,0,0,2019/2020,Multan Sultans
14,Asif Ali,9,7,2,81,20*,16.20,54,150.00,0,0,0,7,4,2019/2020,Islamabad United
15,Azam Khan,9,9,1,150,59,18.75,115,130.43,0,1,2,14,6,2019/2020,Quetta Gladiators
16,Babar Azam,12,11,3,473,78,59.12,381,124.14,0,5,1,55,5,2019/2020,Karachi Kings
17,T Banton,7,7,1,74,34,12.33,57,129.82,0,0,2,9,2,2019/2020,Peshawar Zalmi
18,Bilawal Bhatti,2,1,1,1,1*,-,1,100.00,0,0,0,0,0,2019/2020,Multan Sultans
19,RS Bopara,6,6,0,92,40,15.33,84,109.52,0,0,0,8,2,2019/2020,Multan Sultans
20,CR Brathwaite,4,3,1,34,16*,17.00,24,141.66,0,0,0,3,1,2019/2020,Peshawar Zalmi
21,BCJ Cutting,7,7,2,146,53,29.20,77,189.61,0,1,2,8,13,2019/2020,Quetta Gladiators
22,LA Dawson,4,4,1,49,22,16.33,45,108.88,0,0,1,1,1,2019/2020,Peshawar Zalmi
23,CS Delport,8,8,0,178,62,22.25,147,121.08,0,1,0,13,7,2019/2020,Karachi Kings
24,Dilbar Hussain,11,1,1,8,8*,-,12,66.66,0,0,0,0,1,2019/2020,Lahore Qalandars
25,BR Dunk,11,10,2,300,99*,37.50,179,167.59,0,2,0,18,23,2019/2020,Lahore Qalandars
26,F du Plessis,1,1,0,31,31,31.00,25,124.00,0,0,0,1,1,2019/2020,Peshawar Zalmi
27,Faheem Ashraf,7,5,2,50,20,16.66,37,135.13,0,0,0,7,0,2019/2020,Islamabad United
28,Fakhar Zaman,12,12,0,325,63,27.08,252,128.96,0,2,1,36,10,2019/2020,Lahore Qalandars
29,Fawad Ahmed,5,2,0,18,14,9.00,23,78.26,0,0,0,3,0,2019/2020,Quetta Gladiators
30,L Gregory,4,4,1,68,25,22.66,42,161.90,0,0,0,2,5,2019/2020,Peshawar Zalmi
31,Haider Ali,10,10,1,239,69,26.55,152,157.23,0,1,1,20,14,2019/2020,Peshawar Zalmi
32,AD Hales,9,7,1,272,80*,45.33,183,148.63,0,2,0,25,12,2019/2020,Karachi Kings
33,Hammad Azam,1,1,0,7,7,7.00,5,140.00,0,0,0,1,0,2019/2020,Peshawar Zalmi
34,Haris Rauf,8,1,0,0,0,0.00,5,0.00,0,0,1,0,0,2019/2020,Lahore Qalandars
35,Hasan Ali,9,5,3,29,9*,14.50,19,152.63,0,0,0,3,1,2019/2020,Peshawar Zalmi
36,Hussain Talat,5,3,0,61,37,20.33,59,103.38,0,0,0,5,0,2019/2020,Islamabad United
37,Iftikhar Ahmed,12,10,2,96,25,12.00,79,121.51,0,0,0,7,4,2019/2020,Karachi Kings
38,Imad Wasim,11,8,4,158,50,39.50,118,133.89,0,1,0,13,7,2019/2020,Karachi Kings
39,Imam-ul-Haq,4,4,0,94,56,23.50,76,123.68,0,1,0,6,4,2019/2020,Peshawar Zalmi
40,Imran Tahir,10,2,1,4,3*,4.00,4,100.00,0,0,0,0,0,2019/2020,Multan Sultans
41,CA Ingram,9,9,2,206,63*,29.42,137,150.36,0,1,0,18,8,2019/2020,Islamabad United
42,CJ Jordan,9,3,1,27,14,13.50,24,112.50,0,0,0,2,1,2019/2020,Karachi Kings
43,Junaid Khan,3,1,1,0,0*,-,1,0.00,0,0,0,0,0,2019/2020,Multan Sultans
44,Kamran Akmal,9,9,0,251,101,27.88,155,161.93,1,0,0,31,10,2019/2020,Peshawar Zalmi
45,Khurram Manzoor,1,1,0,63,63,63.00,40,157.50,0,1,0,9,1,2019/2020,Quetta Gladiators
46,Khushdil Shah,11,10,4,222,70*,37.00,159,139.62,0,1,0,12,13,2019/2020,Multan Sultans
47,LS Livingstone,8,7,2,108,54*,21.60,72,150.00,0,1,1,7,5,2019/2020,Peshawar Zalmi
48,CA Lynn,8,8,1,284,113*,40.57,158,179.74,1,1,1,32,16,2019/2020,Lahore Qalandars
49,A Lyth,2,2,0,59,50,29.50,36,163.88,0,1,0,4,4,2019/2020,Multan Sultans
50,Maaz Khan,3,-,-,-,-,-,-,-,-,-,-,-,-,2019/2020,Lahore Qalandars
51,MJ McClenaghan,1,-,-,-,-,-,-,-,-,-,-,-,-,2019/2020,Karachi Kings
52,S Mahmood,1,1,1,2,2*,-,3,66.66,0,0,0,0,0,2019/2020,Peshawar Zalmi
53,DJ Malan,4,4,1,131,64,43.66,92,142.39,0,1,0,13,5,2019/2020,Islamabad United
54,TS Mills,4,1,1,4,4*,-,5,80.00,0,0,0,0,0,2019/2020,Quetta Gladiators
55,Mohammad Amir Khan,4,1,1,7,7*,-,9,77.77,0,0,0,1,0,2019/2020,Peshawar Zalmi
56,Mohammad Amir,11,3,1,3,2,1.50,7,42.85,0,0,0,0,0,2019/2020,Karachi Kings
57,Mohammad Hafeez,13,12,4,312,98*,39.00,249,125.30,0,2,1,28,11,2019/2020,Lahore Qalandars
58,Mohammad Hasnain,9,2,2,3,2*,-,3,100.00,0,0,0,0,0,2019/2020,Quetta Gladiators
59,Mohammad Ilyas,9,3,2,17,9,17.00,17,100.00,0,0,0,1,0,2019/2020,Multan Sultans
60,Mohammad Imran,1,1,0,8,8,8.00,4,200.00,0,0,0,0,1,2019/2020,Peshawar Zalmi
61,Mohammad Irfan,8,-,-,-,-,-,-,-,-,-,-,-,-,2019/2020,Multan Sultans
62,Mohammad Mohsin,2,1,0,0,0,0.00,6,0.00,0,0,1,0,0,2019/2020,Peshawar Zalmi
63,Mohammad Nawaz,9,9,3,116,25*,19.33,100,116.00,0,0,0,14,2,2019/2020,Quetta Gladiators
64,Mohammad Rizwan,2,1,1,0,0*,-,1,0.00,0,0,0,0,0,2019/2020,Karachi Kings
65,Muhammad Faizan,7,4,2,6,6,3.00,8,75.00,0,0,1,0,1,2019/2020,Lahore Qalandars
66,Muhammad Musa,7,2,1,17,17*,17.00,14,121.42,0,0,1,2,1,2019/2020,Islamabad United
67,C Munro,8,8,1,248,87*,35.42,168,147.61,0,3,1,18,15,2019/2020,Islamabad United
68,Naseem Shah,6,1,0,7,7,7.00,7,100.00,0,0,0,0,1,2019/2020,Quetta Gladiators
69,WD Parnell,1,1,0,1,1,1.00,3,33.33,0,0,0,0,0,2019/2020,Karachi Kings
70,SR Patel,12,9,2,188,71,26.85,129,145.73,0,1,0,24,4,2019/2020,Lahore Qalandars
71,S Prasanna,2,1,0,8,8,8.00,8,100.00,0,0,0,0,1,2019/2020,Lahore Qalandars
72,Rahat Ali,10,1,0,1,1,1.00,6,16.66,0,0,0,0,0,2019/2020,Peshawar Zalmi
73,Raja Farzan,2,-,-,-,-,-,-,-,-,-,-,-,-,2019/2020,Lahore Qalandars
74,Rizwan Hussain,5,4,0,51,22,12.75,36,141.66,0,0,0,6,1,2019/2020,Islamabad United
75,Rohail Nazir,2,2,0,38,24,19.00,31,122.58,0,0,0,4,1,2019/2020,Multan Sultans
76,L Ronchi,8,8,1,266,85*,38.00,170,156.47,0,2,0,31,9,2019/2020,Islamabad United
77,RR Rossouw,9,8,2,212,100*,35.33,149,142.28,1,0,2,21,8,2019/2020,Multan Sultans
78,JJ Roy,8,8,1,233,73*,33.28,194,120.10,0,2,1,25,5,2019/2020,Quetta Gladiators
79,Rumman Raees,6,1,1,0,0*,-,0,-,0,0,0,0,0,2019/2020,Islamabad United
80,SE Rutherford,2,2,0,1,1,0.50,4,25.00,0,0,1,0,0,2019/2020,Karachi Kings
81,Salman Butt,1,1,0,21,21,21.00,24,87.50,0,0,0,2,0,2019/2020,Lahore Qalandars
82,Salman Irshad,5,2,1,3,2*,3.00,6,50.00,0,0,0,0,0,2019/2020,Lahore Qalandars
83,PD Salt,1,1,0,25,25,25.00,19,131.57,0,0,0,3,1,2019/2020,Islamabad United
84,DJG Sammy,4,3,0,44,30,14.66,42,104.76,0,0,0,2,2,2019/2020,Peshawar Zalmi
85,Sarfaraz Ahmed,9,9,2,148,41,21.14,115,128.69,0,0,0,16,2,2019/2020,Quetta Gladiators
86,Shadab Khan,9,8,1,263,77,37.57,165,159.39,0,3,0,16,15,2019/2020,Islamabad United
87,Shaheen Shah Afridi,12,2,1,14,12*,14.00,9,155.55,0,0,0,1,1,2019/2020,Lahore Qalandars
88,Shahid Afridi,9,7,3,99,35*,24.75,65,152.30,0,0,1,4,7,2019/2020,Multan Sultans
89,Shan Masood,11,10,0,283,61,28.30,221,128.05,0,1,0,30,2,2019/2020,Multan Sultans
90,Sharjeel Khan,12,11,1,216,74*,21.60,157,137.57,0,1,1,18,16,2019/2020,Karachi Kings
91,Shoaib Malik,9,8,0,278,68,34.75,202,137.62,0,3,0,27,8,2019/2020,Peshawar Zalmi
92,Sohaib Maqsood,1,1,0,16,16,16.00,17,94.11,0,0,0,1,1,2019/2020,Peshawar Zalmi
93,Sohail Akhtar,13,13,4,262,68*,29.11,218,120.18,0,2,0,24,9,2019/2020,Lahore Qalandars
94,Sohail Khan,8,5,2,65,32,21.66,60,108.33,0,0,0,3,5,2019/2020,Quetta Gladiators
95,Sohail Tanvir,10,7,5,51,25*,25.50,45,113.33,0,0,0,4,2,2019/2020,Multan Sultans
96,DW Steyn,4,-,-,-,-,-,-,-,-,-,-,-,-,2019/2020,Islamabad United
97,Tamim Iqbal,3,3,0,83,35,27.66,68,122.05,0,0,0,11,2,2019/2020,Lahore Qalandars
98,Umaid Asif,7,3,1,42,20,21.00,21,200.00,0,0,0,3,3,2019/2020,Karachi Kings
99,Umar Amin,1,1,0,29,29,29.00,23,126.08,0,0,0,4,0,2019/2020,Peshawar Zalmi
100,Umer Khan,6,1,1,3,3*,-,5,60.00,0,0,0,0,0,2019/2020,Karachi Kings
101,Usama Mir,3,1,1,1,1*,-,2,50.00,0,0,0,0,0,2019/2020,Karachi Kings
102,Usman Qadir,1,-,-,-,-,-,-,-,-,-,-,-,-,2019/2020,Multan Sultans
103,Usman Shinwari,4,2,1,30,30,30.00,15,200.00,0,0,0,0,4,2019/2020,Lahore Qalandars
104,DJ Vilas,5,3,0,24,19,8.00,23,104.34,0,0,0,3,0,2019/2020,Lahore Qalandars
105,GC Viljoen,1,1,0,37,37,37.00,16,231.25,0,0,0,3,3,2019/2020,Peshawar Zalmi
106,JM Vince,5,5,1,155,61*,38.75,93,166.66,0,1,0,26,3,2019/2020,Multan Sultans
107,Wahab Riaz,10,7,1,28,13*,4.66,34,82.35,0,0,2,2,1,2019/2020,Peshawar Zalmi
108,CAK Walton,12,10,2,176,45,22.00,126,139.68,0,0,0,15,8,2019/2020,Karachi Kings
109,Waqas Maqsood,3,1,1,1,1*,-,1,100.00,0,0,0,0,0,2019/2020,Karachi Kings
110,SR Watson,9,9,0,247,80,27.44,157,157.32,0,2,1,26,16,2019/2020,Quetta Gladiators
111,D Wiese,11,8,5,131,48*,43.66,77,170.12,0,0,0,10,8,2019/2020,Lahore Qalandars
112,Yasir Shah,4,1,1,1,1*,-,1,100.00,0,0,0,0,0,2019/2020,Peshawar Zalmi
113,Zafar Gohar,3,1,1,13,13*,-,10,130.00,0,0,0,1,0,2019/2020,Islamabad United
114,Zahid Mahmood,1,1,1,19,19*,-,19,100.00,0,0,0,2,0,2019/2020,Quetta Gladiators
115,Zeeshan Ashraf,11,11,0,202,52,18.36,155,130.32,0,2,0,25,6,2019/2020,Multan Sultans
0,Aamer Yamin,8,4,1,39,35*,13.00,28,139.28,0,0,1,3,2,2018/2019,Karachi Kings
1,Agha Salman,3,3,0,18,13,6.00,30,60.00,0,0,0,1,0,2018/2019,Lahore Qalandars
2,Ahmed Shehzad,8,8,2,311,99,51.83,245,126.93,0,4,1,30,8,2018/2019,Quetta Gladiators
3,Ahsan Ali,8,8,0,178,46,22.25,136,130.88,0,0,0,16,7,2018/2019,Quetta Gladiators
4,Aizaz Cheema,1,-,-,-,-,-,-,-,-,-,-,-,-,2018/2019,Lahore Qalandars
5,Ali Shafiq,2,1,0,0,0,0.00,0,-,0,0,1,0,0,2018/2019,Multan Sultans
6,Amad Butt,2,1,0,0,0,0.00,1,0.00,0,0,1,0,0,2018/2019,Islamabad United
7,CJ Anderson,3,2,0,41,22,20.50,36,113.88,0,0,0,1,3,2018/2019,Lahore Qalandars
8,Anwar Ali,3,3,1,30,27*,15.00,11,272.72,0,0,0,0,4,2018/2019,Quetta Gladiators
9,Asif Ali,12,11,3,281,70,35.12,154,182.46,0,2,2,14,26,2018/2019,Islamabad United
10,Awais Zia,2,2,0,22,19,11.00,30,73.33,0,0,0,2,0,2018/2019,Karachi Kings
11,Azam Khan,1,1,0,12,12,12.00,15,80.00,0,0,0,1,0,2018/2019,Quetta Gladiators
12,Babar Azam,11,11,0,335,77,30.45,290,115.51,0,3,1,38,2,2018/2019,Karachi Kings
13,IR Bell,1,1,0,54,54,54.00,46,117.39,0,1,0,6,0,2018/2019,Islamabad United
14,RS Bopara,2,2,1,4,3*,4.00,8,50.00,0,0,0,0,0,2018/2019,Karachi Kings
15,CR Brathwaite,1,1,0,6,6,6.00,6,100.00,0,0,0,1,0,2018/2019,Lahore Qalandars
16,DJ Bravo,6,4,2,23,12*,11.50,29,79.31,0,0,1,3,0,2018/2019,Quetta Gladiators
17,J Charles,7,7,1,208,57,34.66,142,146.47,0,2,1,24,7,2018/2019,Multan Sultans
18,DT Christian,8,7,1,97,21,16.16,75,129.33,0,0,0,5,5,2018/2019,Multan Sultans
19,Danish Aziz,1,1,0,1,1,1.00,7,14.28,0,0,0,0,0,2018/2019,Quetta Gladiators
20,LA Dawson,11,8,2,169,52*,28.16,136,124.26,0,1,1,10,6,2018/2019,Peshawar Zalmi
21,CS Delport,12,12,1,355,117*,32.27,265,133.96,1,1,3,35,13,2018/2019,Islamabad United
22,AP Devcich,5,5,0,83,28,16.60,81,102.46,0,0,0,8,1,2018/2019,Lahore Qalandars
23,AB de Villiers,7,7,3,218,52*,54.50,169,128.99,0,1,0,19,5,2018/2019,Lahore Qalandars
24,BR Dunk,7,7,2,124,49*,24.80,95,130.52,0,0,0,10,4,2018/2019,Karachi Kings
25,LJ Evans,5,5,0,83,49,16.60,96,86.45,0,0,0,7,0,2018/2019,Multan Sultans
26,Faheem Ashraf,12,10,4,129,31,21.50,81,159.25,0,0,0,9,8,2018/2019,Islamabad United
27,Fakhar Zaman,10,10,0,285,65,28.50,207,137.68,0,3,0,33,10,2018/2019,Lahore Qalandars
28,Fawad Ahmed,12,2,0,0,0,0.00,5,0.00,0,0,2,0,0,2018/2019,Quetta Gladiators
29,ADS Fletcher,4,4,0,72,26,18.00,66,109.09,0,0,0,6,4,2018/2019,Peshawar Zalmi
30,Gauhar Ali,3,3,0,30,21,10.00,22,136.36,0,0,0,4,1,2018/2019,Lahore Qalandars
31,Ghulam Mudassar,5,-,-,-,-,-,-,-,-,-,-,-,-,2018/2019,Quetta Gladiators
32,CJ Green,5,3,1,27,18*,13.50,29,93.10,0,0,0,2,0,2018/2019,Multan Sultans
33,DAS Gunaratne,1,1,0,12,12,12.00,11,109.09,0,0,0,0,1,2018/2019,Lahore Qalandars
34,HF Gurney,1,1,1,0,0*,-,0,-,0,0,0,0,0,2018/2019,Quetta Gladiators
35,AD Hales,2,2,0,42,41,21.00,47,89.36,0,0,0,5,1,2018/2019,Islamabad United
36,Hammad Azam,5,5,1,57,29,14.25,58,98.27,0,0,1,4,1,2018/2019,Multan Sultans
37,Haris Rauf,10,3,1,13,7,6.50,10,130.00,0,0,1,1,1,2018/2019,Lahore Qalandars
38,Haris Sohail,5,5,1,103,43,25.75,108,95.37,0,0,1,10,1,2018/2019,Lahore Qalandars
39,Hasan Ali,13,4,1,8,3*,2.66,10,80.00,0,0,0,0,0,2018/2019,Peshawar Zalmi
40,Hassan Khan,2,2,1,13,7,13.00,14,92.85,0,0,0,2,0,2018/2019,Lahore Qalandars
41,Hussain Talat,10,9,0,134,37,14.88,111,120.72,0,0,2,10,5,2018/2019,Islamabad United
42,Ibtisam Sheikh,4,-,-,-,-,-,-,-,-,-,-,-,-,2018/2019,Peshawar Zalmi
43,Iftikhar Ahmed,6,6,3,82,44*,27.33,56,146.42,0,0,1,7,4,2018/2019,Karachi Kings
44,Imad Wasim,11,10,4,115,30,19.16,100,115.00,0,0,1,7,2,2018/2019,Karachi Kings
45,Imam-ul-Haq,12,12,0,341,59,28.41,262,130.15,0,4,0,34,8,2018/2019,Peshawar Zalmi
46,CA Ingram,11,11,1,344,127*,34.40,209,164.59,1,1,0,34,16,2018/2019,Karachi Kings
47,CJ Jordan,2,2,2,0,0*,-,0,-,0,0,0,0,0,2018/2019,Peshawar Zalmi
48,Junaid Khan,7,2,1,0,0*,0.00,1,0.00,0,0,1,0,0,2018/2019,Multan Sultans
49,Kamran Akmal,13,13,0,357,86,27.46,259,137.83,0,3,3,42,18,2018/2019,Peshawar Zalmi
50,S Lamichhane,7,3,3,11,6*,-,14,78.57,0,0,0,0,0,2018/2019,Lahore Qalandars
51,LS Livingstone,11,11,1,321,82,32.10,246,130.48,0,3,1,24,15,2018/2019,Karachi Kings
52,WL Madsen,2,2,0,5,5,2.50,19,26.31,0,0,1,0,0,2018/2019,Peshawar Zalmi
53,DJ Malan,2,2,0,39,38,19.50,41,95.12,0,0,0,5,0,2018/2019,Peshawar Zalmi
54,TS Mills,5,-,-,-,-,-,-,-,-,-,-,-,-,2018/2019,Peshawar Zalmi
55,Misbah-ul-Haq,3,3,2,126,59*,126.00,104,121.15,0,1,0,9,5,2018/2019,Peshawar Zalmi
56,Mohammad Abbas,3,1,1,1,1*,-,1,100.00,0,0,0,0,0,2018/2019,Multan Sultans
57,Mohammad Amir,9,5,0,10,6,2.00,11,90.90,0,0,2,0,1,2018/2019,Karachi Kings
58,Mohammad Hafeez,2,2,1,19,14,19.00,14,135.71,0,0,0,1,1,2018/2019,Lahore Qalandars
59,Mohammad Hasnain,7,2,1,0,0*,0.00,2,0.00,0,0,1,0,0,2018/2019,Quetta Gladiators
60,Mohammad Ilyas,8,4,1,6,3*,2.00,9,66.66,0,0,1,0,0,2018/2019,Multan Sultans
61,Mohammad Irfan,9,3,2,4,4*,4.00,4,100.00,0,0,1,1,0,2018/2019,Multan Sultans
62,Mohammad Irfan,2,2,1,4,4*,4.00,3,133.33,0,0,1,1,0,2018/2019,Multan Sultans
63,Mohammad Irfan,3,-,-,-,-,-,-,-,-,-,-,-,-,2018/2019,Quetta Gladiators
64,Mohammad Nawaz,12,6,4,49,19,24.50,45,108.88,0,0,0,2,2,2018/2019,Quetta Gladiators
65,Mohammad Rizwan,5,5,1,79,34,19.75,81,97.53,0,0,0,3,1,2018/2019,Karachi Kings
66,Mohammad Sami,9,5,3,8,2*,4.00,13,61.53,0,0,0,0,0,2018/2019,Islamabad United
67,TJ Moores,3,3,1,10,9,5.00,21,47.61,0,0,0,0,0,2018/2019,Multan Sultans
68,Muhammad Musa,7,3,2,10,8*,10.00,11,90.90,0,0,0,1,0,2018/2019,Islamabad United
69,C Munro,8,8,0,95,32,11.87,77,123.37,0,0,2,9,4,2018/2019,Karachi Kings
70,Nabi Gul,2,1,0,9,9,9.00,12,75.00,0,0,0,0,0,2018/2019,Peshawar Zalmi
71,Nasir Nawaz,1,1,0,3,3,3.00,5,60.00,0,0,0,0,0,2018/2019,Islamabad United
72,Nauman Ali,4,2,0,5,3,2.50,7,71.42,0,0,0,0,0,2018/2019,Multan Sultans
73,WD Parnell,3,2,0,46,41,23.00,28,164.28,0,0,0,7,1,2018/2019,Islamabad United
74,SR Patel,8,6,3,119,45*,39.66,113,105.30,0,0,0,14,1,2018/2019,Islamabad United
75,KA Pollard,13,13,3,284,52*,28.40,164,173.17,0,2,1,19,23,2018/2019,Peshawar Zalmi
76,Rahat Ali,7,2,2,2,1*,-,4,50.00,0,0,0,0,0,2018/2019,Lahore Qalandars
77,Rizwan Hussain,4,4,0,31,15,7.75,41,75.60,0,0,0,3,0,2018/2019,Islamabad United
78,L Ronchi,12,12,1,319,67*,29.00,205,155.60,0,3,2,34,17,2018/2019,Islamabad United
79,RR Rossouw,12,12,3,295,67*,32.77,217,135.94,0,1,0,36,5,2018/2019,Quetta Gladiators
80,Rumman Raees,8,3,2,2,2*,2.00,7,28.57,0,0,1,0,0,2018/2019,Islamabad United
81,AD Russell,4,4,0,50,18,12.50,30,166.66,0,0,0,5,3,2018/2019,Multan Sultans
82,Saad Ali,1,1,0,8,8,8.00,9,88.88,0,0,0,0,0,2018/2019,Lahore Qalandars
83,Sahibzada Farhan,3,3,0,49,30,16.33,54,90.74,0,0,0,5,0,2018/2019,Islamabad United
84,Salman Butt,2,2,0,22,17,11.00,26,84.61,0,0,0,1,0,2018/2019,Lahore Qalandars
85,PD Salt,6,6,0,94,46,15.66,73,128.76,0,0,0,15,0,2018/2019,Islamabad United
86,Sameen Gul,7,1,1,0,0*,-,0,-,0,0,0,0,0,2018/2019,Peshawar Zalmi
87,DJG Sammy,13,10,3,228,46,32.57,158,144.30,0,0,0,16,11,2018/2019,Peshawar Zalmi
88,Sarfaraz Ahmed,12,7,2,146,52*,29.20,122,119.67,0,1,1,9,2,2018/2019,Quetta Gladiators
89,Shadab Khan,12,9,2,44,15,6.28,57,77.19,0,0,3,1,1,2018/2019,Islamabad United
90,Shaheen Shah Afridi,8,5,0,12,4,2.40,30,40.00,0,0,0,0,0,2018/2019,Lahore Qalandars
91,Shahid Afridi,8,7,2,52,16*,10.40,44,118.18,0,0,1,5,2,2018/2019,Multan Sultans
92,Shakeel Ansar,1,1,1,0,0*,-,3,0.00,0,0,0,0,0,2018/2019,Multan Sultans
93,Shan Masood,4,4,0,112,48,28.00,81,138.27,0,0,0,17,1,2018/2019,Multan Sultans
94,Shoaib Malik,10,9,3,266,53,44.33,229,116.15,0,2,0,16,9,2018/2019,Multan Sultans
95,Sikandar Raza,3,3,0,23,14,7.66,38,60.52,0,0,0,2,0,2018/2019,Karachi Kings
96,DR Smith,5,3,1,22,11*,11.00,27,81.48,0,0,0,2,0,2018/2019,Quetta Gladiators
97,Sohaib Maqsood,5,5,1,69,26,17.25,71,97.18,0,0,0,6,3,2018/2019,Peshawar Zalmi
98,Sohail Akhtar,10,9,1,241,75,30.12,173,139.30,0,1,0,22,12,2018/2019,Lahore Qalandars
99,Sohail Khan,5,3,1,5,4*,2.50,5,100.00,0,0,1,1,0,2018/2019,Karachi Kings
100,Sohail Tanvir,12,4,2,9,7,4.50,23,39.13,0,0,1,0,0,2018/2019,Quetta Gladiators
101,AW Summers,2,-,-,-,-,-,-,-,-,-,-,-,-,2018/2019,Karachi Kings
102,BRM Taylor,4,4,1,17,13,5.66,17,100.00,0,0,0,0,1,2018/2019,Lahore Qalandars
103,RN ten Doeschate,1,1,0,2,2,2.00,9,22.22,0,0,0,0,0,2018/2019,Lahore Qalandars
104,Umaid Asif,8,2,1,0,0*,0.00,1,0.00,0,0,1,0,0,2018/2019,Peshawar Zalmi
105,Umair Masood,1,1,0,22,22,22.00,28,78.57,0,0,0,1,0,2018/2019,Lahore Qalandars
106,Umar Akmal,12,10,2,277,75*,34.62,202,137.12,0,2,1,18,16,2018/2019,Quetta Gladiators
107,Umar Amin,11,8,3,189,61*,37.80,163,115.95,0,2,1,22,3,2018/2019,Peshawar Zalmi
108,Umar Siddiq,7,7,0,169,53,24.14,150,112.66,0,1,0,13,8,2018/2019,Multan Sultans
109,Umer Khan,11,4,1,0,0*,0.00,3,0.00,0,0,3,0,0,2018/2019,Karachi Kings
110,Usman Shinwari,9,4,3,2,1*,2.00,7,28.57,0,0,1,0,0,2018/2019,Karachi Kings
111,GC Viljoen,2,2,1,9,8*,9.00,10,90.00,0,0,0,1,0,2018/2019,Lahore Qalandars
112,JM Vince,8,8,0,231,84,28.87,160,144.37,0,1,1,26,10,2018/2019,Multan Sultans
113,Wahab Riaz,13,9,4,48,20,9.60,31,154.83,0,0,1,4,2,2018/2019,Peshawar Zalmi
114,CAK Walton,4,4,0,118,48,29.50,75,157.33,0,0,1,7,8,2018/2019,Islamabad United
115,Waqas Maqsood,2,-,-,-,-,-,-,-,-,-,-,-,-,2018/2019,Islamabad United
116,SR Watson,12,12,2,430,91*,43.00,299,143.81,0,4,1,43,22,2018/2019,Quetta Gladiators
117,MH Wessels,2,2,0,24,20,12.00,21,114.28,0,0,0,3,1,2018/2019,Lahore Qalandars
118,D Wiese,7,6,3,136,45*,45.33,94,144.68,0,0,0,5,10,2018/2019,Lahore Qalandars
119,Yasir Shah,5,3,1,10,7,5.00,11,90.90,0,0,0,0,1,2018/2019,Lahore Qalandars
120,Zafar Gohar,2,2,1,11,9*,11.00,11,100.00,0,0,0,0,1,2018/2019,Islamabad United
0,Aamer Yamin,2,2,0,2,1,1.00,4,50.00,0,0,0,0,0,2017/2018,Lahore Qalandars
1,KJ Abbott,1,-,-,-,-,-,-,-,-,-,-,-,-,2017/2018,Lahore Qalandars
2,Agha Salman,8,8,0,166,50,20.75,157,105.73,0,1,0,13,5,2017/2018,Lahore Qalandars
3,Ahmed Shehzad,10,9,0,173,38,19.22,203,85.22,0,0,1,16,3,2017/2018,Multan Sultans
4,Amad Butt,5,1,1,13,13*,-,14,92.85,0,0,0,1,0,2017/2018,Islamabad United
5,Anwar Ali,11,8,2,66,28*,11.00,48,137.50,0,0,0,4,4,2017/2018,Quetta Gladiators
6,JC Archer,2,1,0,5,5,5.00,4,125.00,0,0,0,1,0,2017/2018,Quetta Gladiators
7,Asad Shafiq,8,8,1,116,38*,16.57,116,100.00,0,0,1,13,3,2017/2018,Quetta Gladiators
8,Asif Ali,12,11,4,213,45,30.42,126,169.04,0,0,0,13,16,2017/2018,Islamabad United
9,Babar Azam,12,11,1,402,66,40.20,329,122.18,0,5,2,33,12,2017/2018,Karachi Kings
10,Bilal Asif,1,-,-,-,-,-,-,-,-,-,-,-,-,2017/2018,Lahore Qalandars
11,RS Bopara,10,8,4,123,50*,30.75,110,111.81,0,1,1,10,2,2017/2018,Karachi Kings
12,DM Bravo,5,2,1,15,9*,15.00,13,115.38,0,0,0,1,1,2017/2018,Multan Sultans
13,Danish Aziz,1,-,-,-,-,-,-,-,-,-,-,-,-,2017/2018,Karachi Kings
14,LA Dawson,9,7,0,145,62,20.71,108,134.25,0,1,0,7,9,2017/2018,Peshawar Zalmi
15,CS Delport,2,2,0,18,15,9.00,12,150.00,0,0,0,0,2,2017/2018,Lahore Qalandars
16,JL Denly,12,11,1,323,79*,32.30,257,125.68,0,3,1,40,9,2017/2018,Karachi Kings
17,AP Devcich,5,5,0,196,70,39.20,124,158.06,0,2,0,18,11,2017/2018,Lahore Qalandars
18,JP Duminy,10,9,2,251,73*,35.85,249,100.80,0,2,0,22,8,2017/2018,Islamabad United
19,Faheem Ashraf,12,8,4,111,54*,27.75,85,130.58,0,1,1,8,6,2017/2018,Islamabad United
20,Fakhar Zaman,10,10,0,277,94,27.70,188,147.34,0,1,1,23,16,2017/2018,Lahore Qalandars
21,ST Finn,5,1,0,0,0,0.00,1,0.00,0,0,1,0,0,2017/2018,Islamabad United
22,ADS Fletcher,5,5,0,86,34,17.20,72,119.44,0,0,0,8,4,2017/2018,Peshawar Zalmi
23,Gulraiz Sadaf,5,5,2,110,42*,36.66,121,90.90,0,0,0,8,3,2017/2018,Lahore Qalandars
24,AD Hales,4,4,0,87,46,21.75,65,133.84,0,0,0,11,2,2017/2018,Islamabad United
25,Hammad Azam,2,2,1,3,3*,3.00,4,75.00,0,0,1,0,0,2017/2018,Peshawar Zalmi
26,Haris Sohail,3,3,0,19,14,6.33,26,73.07,0,0,0,0,1,2017/2018,Peshawar Zalmi
27,Hasan Ali,9,5,1,28,15,7.00,21,133.33,0,0,0,2,1,2017/2018,Peshawar Zalmi
28,Hassan Khan,11,6,4,42,17*,21.00,30,140.00,0,0,2,0,2,2017/2018,Quetta Gladiators
29,JW Hastings,3,2,1,5,5*,5.00,8,62.50,0,0,1,1,0,2017/2018,Quetta Gladiators
30,Hussain Talat,12,10,4,201,48*,33.50,153,131.37,0,0,0,14,9,2017/2018,Islamabad United
31,Ibtisam Sheikh,4,2,1,2,2,2.00,6,33.33,0,0,0,0,0,2017/2018,Peshawar Zalmi
32,Iftikhar Ahmed,1,1,0,9,9,9.00,15,60.00,0,0,0,1,0,2017/2018,Islamabad United
33,Imad Wasim,8,6,2,69,35,17.25,56,123.21,0,0,0,4,3,2017/2018,Karachi Kings
34,Imran Khan,1,-,-,-,-,-,-,-,-,-,-,-,-,2017/2018,Lahore Qalandars
35,Imran Tahir,10,4,2,13,7*,6.50,23,56.52,0,0,0,1,0,2017/2018,Multan Sultans
36,CA Ingram,12,11,4,243,68*,34.71,173,140.46,0,1,1,15,16,2017/2018,Karachi Kings
37,CJ Jordan,5,4,2,38,36,19.00,34,111.76,0,0,0,1,3,2017/2018,Peshawar Zalmi
38,Junaid Khan,8,3,1,4,2*,2.00,7,57.14,0,0,0,0,0,2017/2018,Multan Sultans
39,Kamran Akmal,13,13,2,425,107*,38.63,277,153.42,1,4,3,41,28,2017/2018,Peshawar Zalmi
40,Khalid Usman,2,1,1,7,7*,-,9,77.77,0,0,0,0,0,2017/2018,Peshawar Zalmi
41,Khurram Manzoor,7,6,0,121,51,20.16,122,99.18,0,1,0,12,2,2017/2018,Karachi Kings
42,Khushdil Shah,2,2,0,12,8,6.00,18,66.66,0,0,0,1,0,2017/2018,Peshawar Zalmi
43,T Kohler-Cadmore,1,1,0,5,5,5.00,5,100.00,0,0,0,1,0,2017/2018,Quetta Gladiators
44,B Laughlin,3,1,1,3,3*,-,2,150.00,0,0,0,0,0,2017/2018,Quetta Gladiators
45,MJ McClenaghan,4,1,0,4,4,4.00,2,200.00,0,0,0,1,0,2017/2018,Lahore Qalandars
46,BB McCullum,10,10,2,218,44,27.25,197,110.65,0,0,1,14,13,2017/2018,Lahore Qalandars
47,Mahmudullah,3,2,0,34,19,17.00,33,103.03,0,0,0,3,1,2017/2018,Quetta Gladiators
48,TS Mills,8,1,1,5,5*,-,2,250.00,0,0,0,1,0,2017/2018,Karachi Kings
49,Mir Hamza,3,1,0,0,0,0.00,1,0.00,0,0,1,0,0,2017/2018,Quetta Gladiators
50,Misbah-ul-Haq,8,4,1,57,22,19.00,76,75.00,0,0,0,5,1,2017/2018,Islamabad United
51,Mohammad Amir,11,2,2,6,6*,-,7,85.71,0,0,0,1,0,2017/2018,Karachi Kings
52,Mohammad Asghar,5,1,1,0,0*,-,2,0.00,0,0,0,0,0,2017/2018,Peshawar Zalmi
53,Mohammad Hafeez,13,12,1,298,59,27.09,258,115.50,0,2,1,27,11,2017/2018,Peshawar Zalmi
54,Mohammad Irfan,10,4,0,8,6,2.00,14,57.14,0,0,2,1,0,2017/2018,Multan Sultans
55,Mohammad Irfan,11,5,3,17,16*,8.50,15,113.33,0,0,2,1,1,2017/2018,Karachi Kings
56,Mohammad Nawaz,11,8,2,127,35,21.16,123,103.25,0,0,0,10,6,2017/2018,Quetta Gladiators
57,Mohammad Rizwan,12,6,2,88,26*,22.00,75,117.33,0,0,0,5,2,2017/2018,Karachi Kings
58,Mohammad Sami,11,2,1,6,6,6.00,10,60.00,0,0,0,0,0,2017/2018,Islamabad United
59,EJG Morgan,3,3,0,28,21,9.33,29,96.55,0,0,0,3,0,2017/2018,Karachi Kings
60,Mukhtar Ahmed,1,1,0,1,1,1.00,3,33.33,0,0,0,0,0,2017/2018,Karachi Kings
61,Mustafizur Rahman,5,5,4,1,1*,1.00,9,11.11,0,0,1,0,0,2017/2018,Lahore Qalandars
62,SP Narine,9,8,1,98,28,14.00,66,148.48,0,0,1,11,4,2017/2018,Lahore Qalandars
63,SR Patel,9,4,1,56,23,18.66,54,103.70,0,0,0,8,0,2017/2018,Islamabad United
64,NLTC Perera,1,1,0,12,12,12.00,11,109.09,0,0,0,0,1,2017/2018,Quetta Gladiators
65,KP Pietersen,9,8,0,155,52,19.37,115,134.78,0,1,0,13,7,2017/2018,Quetta Gladiators
66,KA Pollard,10,8,3,165,73,33.00,110,150.00,0,1,1,14,10,2017/2018,Multan Sultans
67,Rahat Ali,11,1,0,0,0,0.00,1,0.00,0,0,1,0,0,2017/2018,Quetta Gladiators
68,D Ramdin,4,4,0,24,11,6.00,47,51.06,0,0,1,0,0,2017/2018,Lahore Qalandars
69,Rameez Raja,5,5,1,40,22,10.00,33,121.21,0,0,0,2,2,2017/2018,Quetta Gladiators
70,Raza Hasan,2,2,0,4,4,2.00,12,33.33,0,0,1,0,0,2017/2018,Lahore Qalandars
71,L Ronchi,11,11,1,435,94*,43.50,239,182.00,0,5,2,51,24,2017/2018,Islamabad United
72,RR Rossouw,10,9,2,200,42,28.57,161,124.22,0,0,0,10,12,2017/2018,Quetta Gladiators
73,JJ Roy,2,2,0,53,36,26.50,48,110.41,0,0,0,5,3,2017/2018,Quetta Gladiators
74,Rumman Raees,3,1,1,11,11*,-,10,110.00,0,0,0,2,0,2017/2018,Islamabad United
75,AD Russell,4,3,0,26,15,8.66,20,130.00,0,0,1,2,1,2017/2018,Islamabad United
76,Saad Nasim,5,5,1,65,35,16.25,47,138.29,0,0,0,7,3,2017/2018,Peshawar Zalmi
77,Sabbir Rahman,2,1,0,11,11,11.00,11,100.00,0,0,0,1,0,2017/2018,Peshawar Zalmi
78,Sahibzada Farhan,6,5,1,91,44,22.75,78,116.66,0,0,0,7,4,2017/2018,Islamabad United
79,Saif Badar,10,4,0,21,13,5.25,23,91.30,0,0,2,1,1,2017/2018,Multan Sultans
80,Salman Irshad,3,3,0,8,6,2.66,6,133.33,0,0,0,0,1,2017/2018,Lahore Qalandars
81,Sameen Gul,8,2,2,3,2*,-,6,50.00,0,0,0,0,0,2017/2018,Peshawar Zalmi
82,DJG Sammy,11,10,3,159,36*,22.71,87,182.75,0,0,1,13,13,2017/2018,Peshawar Zalmi
83,KC Sangakkara,10,9,1,269,63,33.62,215,125.11,0,3,1,27,10,2017/2018,Multan Sultans
84,Sarfraz Ahmed,11,9,3,223,45*,37.16,172,129.65,0,0,0,20,5,2017/2018,Quetta Gladiators
85,Shadab Khan,12,8,0,65,32,8.12,63,103.17,0,0,1,3,3,2017/2018,Islamabad United
86,Shaheen Shah Afridi,7,3,0,1,1,0.33,9,11.11,0,0,2,0,0,2017/2018,Lahore Qalandars
87,Shahid Afridi,9,6,1,47,26,9.40,31,151.61,0,0,0,0,6,2017/2018,Karachi Kings
88,Shoaib Malik,10,8,2,224,65*,37.33,180,124.44,0,1,0,11,10,2017/2018,Multan Sultans
89,LMP Simmons,2,2,0,59,55,29.50,52,113.46,0,1,0,8,1,2017/2018,Karachi Kings
90,DR Smith,10,9,1,252,71*,31.50,199,126.63,0,1,0,20,16,2017/2018,Peshawar Zalmi
91,Sohaib Maqsood,10,9,2,204,85*,29.14,160,127.50,0,1,0,16,11,2017/2018,Multan Sultans
92,Sohail Akhtar,9,8,4,122,30*,30.50,101,120.79,0,0,0,9,7,2017/2018,Lahore Qalandars
93,Sohail Khan,7,5,1,14,9*,3.50,28,50.00,0,0,2,0,1,2017/2018,Lahore Qalandars
94,Sohail Tanvir,10,6,2,75,34*,18.75,61,122.95,0,0,0,5,5,2017/2018,Multan Sultans
95,Tamim Iqbal,6,6,1,161,39,32.20,154,104.54,0,0,0,18,3,2017/2018,Peshawar Zalmi
96,Umaid Asif,12,5,1,39,25,9.75,29,134.48,0,0,1,2,3,2017/2018,Peshawar Zalmi
97,Umar Akmal,5,5,0,57,31,11.40,57,100.00,0,0,0,6,1,2017/2018,Lahore Qalandars
98,Umar Amin,6,6,1,97,31,19.40,96,101.04,0,0,0,9,1,2017/2018,Quetta Gladiators
99,Umar Gul,2,1,0,10,10,10.00,6,166.66,0,0,0,0,1,2017/2018,Multan Sultans
100,Usama Mir,2,1,0,9,9,9.00,11,81.81,0,0,0,1,0,2017/2018,Karachi Kings
101,Usman Shinwari,10,-,-,-,-,-,-,-,-,-,-,-,-,2017/2018,Karachi Kings
102,GC Viljoen,2,1,0,2,2,2.00,7,28.57,0,0,0,0,0,2017/2018,Multan Sultans
103,Wahab Riaz,13,7,3,97,33*,24.25,59,164.40,0,0,1,12,2,2017/2018,Peshawar Zalmi
104,CAK Walton,5,5,0,68,28,13.60,55,123.63,0,0,1,8,2,2017/2018,Islamabad United
105,SR Watson,10,10,1,319,90*,35.44,236,135.16,0,2,0,25,22,2017/2018,Quetta Gladiators
106,MH Wessels,4,4,1,68,31*,22.66,62,109.67,0,0,0,8,1,2017/2018,Peshawar Zalmi
107,RA Whiteley,3,3,0,27,16,9.00,26,103.84,0,0,1,1,1,2017/2018,Multan Sultans
108,D Wiese,1,1,0,5,5,5.00,6,83.33,0,0,0,1,0,2017/2018,Karachi Kings
109,Yasir Shah,10,5,0,11,6,2.20,18,61.11,0,0,2,1,0,2017/2018,Lahore Qalandars
110,Zafar Gohar,2,1,0,3,3,3.00,7,42.85,0,0,0,0,0,2017/2018,Islamabad United
0,Aamer Yamin,3,2,0,25,25,12.50,26,96.15,0,0,1,2,2,2016/2017,Lahore Qalandars
1,Abrar Ahmed,2,-,-,-,-,-,-,-,-,-,-,-,-,2016/2017,Karachi Kings
2,Ahmed Shehzad,10,9,0,242,71,26.88,183,132.24,0,3,1,22,10,2016/2017,Quetta Gladiators
3,Amad Butt,4,3,1,25,17,12.50,25,100.00,0,0,0,2,1,2016/2017,Islamabad United
4,Anamul Haque,1,1,0,3,3,3.00,9,33.33,0,0,0,0,0,2016/2017,Quetta Gladiators
5,Anwar Ali,9,5,2,57,20,19.00,44,129.54,0,0,0,6,1,2016/2017,Quetta Gladiators
6,Asad Shafiq,7,6,0,147,51,24.50,135,108.88,0,1,0,17,1,2016/2017,Quetta Gladiators
7,Asif Ali,4,4,0,46,39,11.50,43,106.97,0,0,0,4,1,2016/2017,Islamabad United
8,Babar Azam,10,10,1,291,50,32.33,259,112.35,0,1,0,36,4,2016/2017,Karachi Kings
9,S Badree,1,-,-,-,-,-,-,-,-,-,-,-,-,2016/2017,Islamabad United
10,Bilawal Bhatti,5,2,0,2,1,1.00,7,28.57,0,0,0,0,0,2016/2017,Lahore Qalandars
11,SW Billings,5,5,2,133,78*,44.33,98,135.71,0,1,1,14,4,2016/2017,Islamabad United
12,RS Bopara,10,10,1,119,33,13.22,123,96.74,0,0,0,12,2,2016/2017,Karachi Kings
13,CS Delport,4,4,1,82,35*,27.33,56,146.42,0,0,0,9,3,2016/2017,Lahore Qalandars
14,BM Duckett,2,2,0,30,16,15.00,34,88.23,0,0,0,4,0,2016/2017,Islamabad United
15,GD Elliott,7,7,1,74,26*,12.33,79,93.67,0,0,2,5,1,2016/2017,Lahore Qalandars
16,RR Emrit,1,1,1,6,6*,-,9,66.66,0,0,0,0,0,2016/2017,Quetta Gladiators
17,SM Ervine,1,1,0,24,24,24.00,19,126.31,0,0,0,2,0,2016/2017,Quetta Gladiators
18,Fakhar Zaman,8,8,0,177,56,22.12,128,138.28,0,1,1,19,6,2016/2017,Lahore Qalandars
19,CH Gayle,9,9,0,160,44,17.77,139,115.10,0,0,0,8,14,2016/2017,Karachi Kings
20,Ghulam Mudassar,1,1,1,1,1*,-,1,100.00,0,0,0,0,0,2016/2017,Lahore Qalandars
21,BJ Haddin,9,9,0,139,73,15.44,114,121.92,0,1,1,13,4,2016/2017,Islamabad United
22,Haris Sohail,3,3,1,31,13*,15.50,44,70.45,0,0,0,1,0,2016/2017,Peshawar Zalmi
23,Hasan Ali,11,5,2,23,10,7.66,11,209.09,0,0,1,4,1,2016/2017,Peshawar Zalmi
24,Hassan Khan,10,4,1,26,16,8.66,26,100.00,0,0,0,1,1,2016/2017,Quetta Gladiators
25,Hussain Talat,2,2,0,67,56,33.50,51,131.37,0,1,0,6,2,2016/2017,Islamabad United
26,Iftikhar Ahmed,3,3,0,15,14,5.00,25,60.00,0,0,1,1,0,2016/2017,Peshawar Zalmi
27,Imad Wasim,10,8,4,83,24,20.75,62,133.87,0,0,1,6,4,2016/2017,Karachi Kings
28,Imran Khalid,3,1,0,1,1,1.00,1,100.00,0,0,0,0,0,2016/2017,Islamabad United
29,Imran Khan,1,1,1,0,0*,-,0,-,0,0,0,0,0,2016/2017,Peshawar Zalmi
30,DPMD Jayawardene,1,1,0,10,10,10.00,8,125.00,0,0,0,1,0,2016/2017,Karachi Kings
31,CJ Jordan,6,4,3,26,16*,26.00,30,86.66,0,0,1,2,1,2016/2017,Peshawar Zalmi
32,Junaid Khan,3,2,2,1,1*,-,2,50.00,0,0,0,0,0,2016/2017,Peshawar Zalmi
33,Kamran Akmal,11,11,0,353,104,32.09,273,129.30,1,2,2,32,16,2016/2017,Peshawar Zalmi
34,Kashif Bhatti,1,-,-,-,-,-,-,-,-,-,-,-,-,2016/2017,Karachi Kings
35,Khushdil Shah,2,1,0,1,1,1.00,5,20.00,0,0,0,0,0,2016/2017,Peshawar Zalmi
36,BB McCullum,8,7,0,93,31,13.28,75,124.00,0,0,2,14,2,2016/2017,Lahore Qalandars
37,Mahmudullah,6,3,2,37,29*,37.00,26,142.30,0,0,1,3,1,2016/2017,Quetta Gladiators
38,DJ Malan,6,6,0,175,56,29.16,126,138.88,0,1,0,21,6,2016/2017,Peshawar Zalmi
39,TS Mills,5,2,1,1,1*,1.00,2,50.00,0,0,1,0,0,2016/2017,Quetta Gladiators
40,Mir Hamza,1,-,-,-,-,-,-,-,-,-,-,-,-,2016/2017,Quetta Gladiators
41,Misbah-ul-Haq,9,8,1,158,61*,22.57,142,111.26,0,1,0,7,9,2016/2017,Islamabad United
42,Mohammad Amir,10,4,4,24,11*,-,18,133.33,0,0,0,2,1,2016/2017,Karachi Kings
43,Mohammad Asghar,7,-,-,-,-,-,-,-,-,-,-,-,-,2016/2017,Peshawar Zalmi
44,Mohammad Hafeez,10,9,0,153,77,17.00,154,99.35,0,1,2,15,6,2016/2017,Peshawar Zalmi
45,Mohammad Irfan,8,1,1,0,0*,-,2,0.00,0,0,0,0,0,2016/2017,Islamabad United
46,Mohammad Irfan,7,4,1,4,3*,1.33,6,66.66,0,0,2,0,0,2016/2017,Lahore Qalandars
47,Mohammad Nawaz,10,4,1,20,18,6.66,17,117.64,0,0,1,0,1,2016/2017,Quetta Gladiators
48,Mohammad Rizwan,8,7,2,130,46*,26.00,107,121.49,0,0,0,9,5,2016/2017,Lahore Qalandars
49,Mohammad Sami,9,5,2,2,1*,0.66,4,50.00,0,0,2,0,0,2016/2017,Islamabad United
50,EJG Morgan,6,6,1,136,80*,27.20,131,103.81,0,1,0,14,4,2016/2017,Peshawar Zalmi
51,SP Narine,8,7,1,116,26*,19.33,64,181.25,0,0,0,6,11,2016/2017,Lahore Qalandars
52,NLTC Perera,6,4,1,40,27,13.33,34,117.64,0,0,0,3,1,2016/2017,Quetta Gladiators
53,KP Pietersen,9,8,1,241,88*,34.42,159,151.57,0,2,3,15,14,2016/2017,Quetta Gladiators
54,KA Pollard,10,9,4,201,47,40.20,117,171.79,0,0,0,15,11,2016/2017,Karachi Kings
55,N Pooran,1,1,0,1,1,1.00,3,33.33,0,0,0,0,0,2016/2017,Islamabad United
56,Rafatullah Mohmand,3,3,0,46,18,15.33,37,124.32,0,0,0,2,4,2016/2017,Islamabad United
57,RR Rossouw,9,8,2,255,76*,42.50,207,123.18,0,2,0,18,9,2016/2017,Quetta Gladiators
58,JJ Roy,5,5,1,173,60*,43.25,114,151.75,0,2,0,21,6,2016/2017,Lahore Qalandars
59,Rumman Raees,7,1,0,0,0,0.00,4,0.00,0,0,1,0,0,2016/2017,Islamabad United
60,Saad Nasim,3,3,0,18,9,6.00,16,112.50,0,0,0,2,0,2016/2017,Quetta Gladiators
61,Saeed Ajmal,4,-,-,-,-,-,-,-,-,-,-,-,-,2016/2017,Islamabad United
62,DJG Sammy,11,9,4,120,34,24.00,93,129.03,0,0,1,7,8,2016/2017,Peshawar Zalmi
63,MN Samuels,5,5,1,81,37*,20.25,67,120.89,0,0,0,5,3,2016/2017,Peshawar Zalmi
64,KC Sangakkara,10,10,0,215,65,21.50,181,118.78,0,1,0,20,5,2016/2017,Karachi Kings
65,Sarfraz Ahmed,10,9,2,183,56*,26.14,139,131.65,0,1,0,15,5,2016/2017,Quetta Gladiators
66,Shadab Khan,8,7,3,66,42,16.50,41,160.97,0,0,0,2,5,2016/2017,Islamabad United
67,Shahid Afridi,10,8,1,177,54,25.28,102,173.52,0,1,1,9,15,2016/2017,Peshawar Zalmi
68,Shahzaib Hasan,2,2,0,19,19,9.50,16,118.75,0,0,1,3,0,2016/2017,Karachi Kings
69,Shakib Al Hasan,5,4,0,54,30,13.50,48,112.50,0,0,0,5,1,2016/2017,Peshawar Zalmi
70,Sharjeel Khan,1,1,0,1,1,1.00,4,25.00,0,0,0,0,0,2016/2017,Islamabad United
71,Shoaib Malik,10,10,1,202,51*,22.44,166,121.68,0,1,1,11,7,2016/2017,Karachi Kings
72,DR Smith,9,9,1,274,72*,34.25,242,113.22,0,2,1,29,10,2016/2017,Islamabad United
73,Sohaib Maqsood,6,5,1,35,30*,8.75,38,92.10,0,0,3,3,1,2016/2017,Peshawar Zalmi
74,Sohail Khan,9,5,2,16,10,5.33,14,114.28,0,0,1,0,1,2016/2017,Karachi Kings
75,Sohail Tanvir,8,6,3,68,36*,22.66,66,103.03,0,0,0,4,2,2016/2017,Lahore Qalandars
76,Tamim Iqbal,5,5,1,94,62*,23.50,81,116.04,0,1,0,8,4,2016/2017,Peshawar Zalmi
77,Umar Akmal,8,8,0,164,66,20.50,132,124.24,0,1,2,15,8,2016/2017,Lahore Qalandars
78,Umar Gul,2,1,0,2,2,2.00,3,66.66,0,0,0,0,0,2016/2017,Quetta Gladiators
79,Usama Mir,8,2,1,5,4*,5.00,3,166.66,0,0,0,1,0,2016/2017,Karachi Kings
80,Usman Shinwari,8,1,0,0,0,0.00,2,0.00,0,0,1,0,0,2016/2017,Karachi Kings
81,MN van Wyk,1,1,0,1,1,1.00,7,14.28,0,0,0,0,0,2016/2017,Quetta Gladiators
82,Wahab Riaz,10,6,2,31,23,7.75,37,83.78,0,0,1,3,1,2016/2017,Peshawar Zalmi
83,SR Watson,9,9,1,171,36,21.37,123,139.02,0,0,0,13,10,2016/2017,Islamabad United
84,LJ Wright,1,1,0,12,12,12.00,7,171.42,0,0,0,1,1,2016/2017,Quetta Gladiators
85,Yasir Shah,8,4,2,23,22,11.50,23,100.00,0,0,0,2,1,2016/2017,Lahore Qalandars
86,Zohaib Khan,1,-,-,-,-,-,-,-,-,-,-,-,-,2016/2017,Islamabad United
87,Zulfiqar Babar,8,2,0,1,1,0.50,3,33.33,0,0,1,0,0,2016/2017,Quetta Gladiators
0,Aamer Yamin,2,-,-,-,-,-,-,-,-,-,-,-,-,2015/2016,Peshawar Zalmi
1,Abdur Rehman,1,-,-,-,-,-,-,-,-,-,-,-,-,2015/2016,Peshawar Zalmi
2,Adnan Rasool,3,-,-,-,-,-,-,-,-,-,-,-,-,2015/2016,Lahore Qalandars
3,Ahmed Shehzad,10,10,0,290,71,29.00,202,143.56,0,2,0,36,8,2015/2016,Quetta Gladiators
4,Aizaz Cheema,4,1,1,0,0*,-,0,-,0,0,0,0,0,2015/2016,Quetta Gladiators
5,Akbar-ur-Rehman,7,3,0,15,11,5.00,19,78.94,0,0,0,1,0,2015/2016,Quetta Gladiators
6,J Allenby,2,2,0,38,31,19.00,40,95.00,0,0,0,5,0,2015/2016,Peshawar Zalmi
7,Anwar Ali,9,6,2,38,13,9.50,40,95.00,0,0,0,1,2,2015/2016,Quetta Gladiators
8,Asad Shafiq,1,1,0,16,16,16.00,15,106.66,0,0,0,1,1,2015/2016,Quetta Gladiators
9,Ashar Zaidi,3,2,0,8,6,4.00,16,50.00,0,0,0,0,0,2015/2016,Islamabad United
10,Asif Ali,6,3,1,34,31*,17.00,24,141.66,0,0,1,1,3,2015/2016,Islamabad United
11,Azhar Ali,7,7,0,183,61,26.14,172,106.39,0,1,0,22,3,2015/2016,Lahore Qalandars
12,Azhar Mahmood,2,2,2,14,12*,-,12,116.66,0,0,0,2,0,2015/2016,Islamabad United
13,Babar Azam,2,2,0,15,15,7.50,26,57.69,0,0,1,1,0,2015/2016,Islamabad United
14,S Badree,6,1,1,2,2*,-,2,100.00,0,0,0,0,0,2015/2016,Islamabad United
15,JM Bairstow,1,1,0,15,15,15.00,16,93.75,0,0,0,1,0,2015/2016,Peshawar Zalmi
16,Bilawal Bhatti,1,1,1,15,15*,-,9,166.66,0,0,0,1,1,2015/2016,Karachi Kings
17,SW Billings,5,4,0,34,26,8.50,30,113.33,0,0,0,2,1,2015/2016,Islamabad United
18,Bismillah Khan,3,3,0,55,55,18.33,35,157.14,0,1,2,10,1,2015/2016,Quetta Gladiators
19,RS Bopara,9,8,2,329,71*,54.83,249,132.12,0,2,0,21,11,2015/2016,Karachi Kings
20,DJ Bravo,8,8,3,111,32,22.20,98,113.26,0,0,1,9,2,2015/2016,Lahore Qalandars
21,E Chigumbura,5,3,1,10,7*,5.00,13,76.92,0,0,1,1,0,2015/2016,Quetta Gladiators
22,KK Cooper,7,4,2,10,10*,5.00,11,90.90,0,0,2,1,0,2015/2016,Lahore Qalandars
23,CS Delport,8,7,0,227,78,32.42,186,122.04,0,3,1,22,8,2015/2016,Lahore Qalandars
24,Ehsan Adil,5,-,-,-,-,-,-,-,-,-,-,-,-,2015/2016,Lahore Qalandars
25,GD Elliott,6,5,1,65,40,16.25,55,118.18,0,0,0,3,4,2015/2016,Quetta Gladiators
26,CH Gayle,5,5,0,103,60,20.60,68,151.47,0,1,2,7,8,2015/2016,Lahore Qalandars
27,BJ Haddin,8,8,4,188,61*,47.00,136,138.23,0,3,1,12,11,2015/2016,Islamabad United
28,Hammad Azam,3,3,2,18,18*,18.00,12,150.00,0,0,1,2,0,2015/2016,Lahore Qalandars
29,Hasan Ali,3,2,0,6,5,3.00,7,85.71,0,0,0,1,0,2015/2016,Peshawar Zalmi
30,BJ Hodge,4,4,2,93,85*,46.50,61,152.45,0,1,1,6,6,2015/2016,Peshawar Zalmi
31,Iftikhar Ahmed,4,3,1,27,19,13.50,34,79.41,0,0,0,2,0,2015/2016,Karachi Kings
32,Imad Wasim,8,7,0,48,29,6.85,34,141.17,0,0,3,7,1,2015/2016,Karachi Kings
33,Imran Khalid,9,4,0,38,18,9.50,42,90.47,0,0,0,1,2,2015/2016,Islamabad United
34,Imran Khan,1,-,-,-,-,-,-,-,-,-,-,-,-,2015/2016,Peshawar Zalmi
35,Junaid Khan,6,3,3,2,1*,-,5,40.00,0,0,0,0,0,2015/2016,Peshawar Zalmi
36,Kamran Akmal,10,9,0,151,45,16.77,147,102.72,0,0,0,12,5,2015/2016,Peshawar Zalmi
37,Kamran Ghulam,2,1,0,9,9,9.00,12,75.00,0,0,0,0,0,2015/2016,Islamabad United
38,Khalid Latif,9,7,1,206,59,34.33,173,119.07,0,1,0,11,9,2015/2016,Islamabad United
39,NL McCullum,2,2,1,1,1,1.00,4,25.00,0,0,0,0,0,2015/2016,Quetta Gladiators
40,DJ Malan,8,8,2,163,60*,27.16,169,96.44,0,1,0,11,5,2015/2016,Peshawar Zalmi
41,BAW Mendis,4,-,-,-,-,-,-,-,-,-,-,-,-,2015/2016,Lahore Qalandars
42,Mir Hamza,4,1,1,0,0*,-,0,-,0,0,0,0,0,2015/2016,Karachi Kings
43,Misbah-ul-Haq,9,7,2,166,41,33.20,131,126.71,0,0,0,21,3,2015/2016,Islamabad United
44,Mohammad Amir,7,3,3,10,5*,-,10,100.00,0,0,0,2,0,2015/2016,Karachi Kings
45,Mohammad Asghar,9,2,1,1,1*,1.00,3,33.33,0,0,1,0,0,2015/2016,Peshawar Zalmi
46,Mohammad Hafeez,10,10,0,220,59,22.00,179,122.90,0,1,0,26,8,2015/2016,Peshawar Zalmi
47,Mohammad Irfan,6,1,1,0,0*,-,1,0.00,0,0,0,0,0,2015/2016,Islamabad United
48,Mohammad Nabi,8,4,1,47,30*,15.66,37,127.02,0,0,0,4,2,2015/2016,Quetta Gladiators
49,Mohammad Nawaz,10,9,2,120,42,17.14,125,96.00,0,0,1,8,4,2015/2016,Quetta Gladiators
50,Mohammad Rizwan,8,5,1,103,50*,25.75,81,127.16,0,1,1,9,4,2015/2016,Lahore Qalandars
51,Mohammad Sami,7,2,2,23,20*,-,12,191.66,0,0,0,2,1,2015/2016,Islamabad United
52,Mushfiqur Rahim,3,3,1,49,33,24.50,39,125.64,0,0,0,4,1,2015/2016,Karachi Kings
53,Nauman Anwar,5,5,0,55,35,11.00,52,105.76,0,0,2,6,3,2015/2016,Karachi Kings
54,Naved Yasin,5,3,1,27,25,13.50,33,81.81,0,0,1,2,1,2015/2016,Lahore Qalandars
55,KP Pietersen,9,9,1,215,53,26.87,165,130.30,0,1,1,15,9,2015/2016,Quetta Gladiators
56,Rumman Raees,8,2,1,6,4*,6.00,10,60.00,0,0,0,0,0,2015/2016,Islamabad United
57,AD Russell,10,9,2,84,35*,12.00,72,116.66,0,0,0,7,5,2015/2016,Islamabad United
58,Saeed Ajmal,6,3,2,20,10*,20.00,16,125.00,0,0,0,1,1,2015/2016,Islamabad United
59,Saifullah Bangash,5,2,1,0,0*,0.00,2,0.00,0,0,1,0,0,2015/2016,Karachi Kings
60,DJG Sammy,10,7,2,140,48,28.00,92,152.17,0,0,0,10,10,2015/2016,Peshawar Zalmi
61,KC Sangakkara,4,4,0,129,55,32.25,89,144.94,0,1,1,17,2,2015/2016,Quetta Gladiators
62,Sarfraz Ahmed,10,9,3,168,51*,28.00,146,115.06,0,1,1,14,2,2015/2016,Quetta Gladiators
63,Shahid Afridi,10,7,1,87,38,14.50,55,158.18,0,0,1,5,6,2015/2016,Peshawar Zalmi
64,Shahid Yousuf,9,6,1,99,27*,19.80,97,102.06,0,0,0,9,1,2015/2016,Peshawar Zalmi
65,Shahzaib Hasan,2,2,0,45,27,22.50,36,125.00,0,0,0,4,2,2015/2016,Karachi Kings
66,Shakib Al Hasan,8,8,1,126,51,18.00,120,105.00,0,1,0,6,3,2015/2016,Karachi Kings
67,Sharjeel Khan,11,11,1,299,117,29.90,201,148.75,1,1,0,27,19,2015/2016,Islamabad United
68,Shoaib Malik,9,9,2,157,45,22.42,142,110.56,0,0,1,9,7,2015/2016,Karachi Kings
69,LMP Simmons,6,6,1,151,62*,30.20,135,111.85,0,1,0,18,6,2015/2016,Karachi Kings
70,DR Smith,4,4,1,153,73,51.00,143,106.99,0,2,0,16,5,2015/2016,Islamabad United
71,Sohaib Maqsood,2,2,0,79,57,39.50,71,111.26,0,1,0,5,3,2015/2016,Lahore Qalandars
72,Sohail Khan,5,3,1,21,7*,10.50,20,105.00,0,0,0,1,1,2015/2016,Karachi Kings
73,Sohail Tanvir,6,4,1,33,23,11.00,29,113.79,0,0,0,3,2,2015/2016,Karachi Kings
74,SW Tait,9,2,2,0,0*,-,0,-,0,0,0,0,0,2015/2016,Peshawar Zalmi
75,Tamim Iqbal,6,6,2,267,80*,66.75,232,115.08,0,3,0,24,5,2015/2016,Peshawar Zalmi
76,RN ten Doeschate,1,1,0,16,16,16.00,23,69.56,0,0,0,0,0,2015/2016,Karachi Kings
77,Umar Akmal,7,7,3,335,93,83.75,213,157.27,0,4,0,27,17,2015/2016,Lahore Qalandars
78,Umar Amin,2,2,0,4,4,2.00,10,40.00,0,0,1,0,0,2015/2016,Islamabad United
79,Umar Gul,6,2,0,0,0,0.00,3,0.00,0,0,2,0,0,2015/2016,Quetta Gladiators
80,Usama Mir,7,5,1,13,10,3.25,13,100.00,0,0,2,1,0,2015/2016,Karachi Kings
81,JM Vince,7,7,0,111,44,15.85,106,104.71,0,0,0,8,3,2015/2016,Karachi Kings
82,Wahab Riaz,9,5,3,56,22,28.00,39,143.58,0,0,0,5,1,2015/2016,Peshawar Zalmi
83,SR Watson,6,6,0,194,79,32.33,167,116.16,0,1,0,16,11,2015/2016,Islamabad United
84,MH Wessels,2,2,0,4,3,2.00,11,36.36,0,0,0,0,0,2015/2016,Karachi Kings
85,LJ Wright,6,6,1,169,86*,33.80,134,126.11,0,1,0,19,6,2015/2016,Quetta Gladiators
86,Zafar Gohar,6,2,1,1,1,1.00,4,25.00,0,0,0,0,0,2015/2016,Lahore Qalandars
87,Zia-ul-Haq,3,-,-,-,-,-,-,-,-,-,-,-,-,2015/2016,Lahore Qalandars
88,Zohaib Khan,7,4,3,18,10*,18.00,13,138.46,0,0,1,1,0,2015/2016,Lahore Qalandars
89,Zulfiqar Babar,10,4,3,22,20*,22.00,14,157.14,0,0,1,1,1,2015/2016,Quetta Gladiators
