,name,matches,innings,overs,maidens,runs,wickets,best_bowling,average,economy,strike_rate,four_wkts,five_wkts,catches,stumps,season,team
0,Aamer Azmat,5,1,1,0,3,0,-,-,3,-,0,0,3,0,2021/2022,Multan Sultans
0,Aamer Yamin,4,3,5,0,79,2,23-Jan,39.5,15.8,15,0,0,1,0,2020/2021,Karachi Kings
0,Aamer Yamin,3,3,8.1,1,48,3,17-Feb,16,5.87,16.3,0,0,0,0,2019/2020,Karachi Kings
0,Aamer Yamin,8,8,28,0,230,6,Mar-37,38.33,8.21,28,0,0,3,0,2018/2019,Karachi Kings
0,Aamer Yamin,2,2,3,0,42,0,-,-,14,-,0,0,1,0,2017/2018,Lahore Qalandars
0,Aamer Yamin,2,2,7,0,54,1,21-Jan,54,7.71,42,0,0,0,0,2016/2017,Peshawar Zalmi
0,Aamer Yamin,2,2,7,0,54,1,21-Jan,54,7.71,42,0,0,0,0,2015/2016,Peshawar Zalmi
1,Aamer Yamin,5,5,11,0,113,1,Jan-36,113,10.27,66,0,0,1,0,2021/2022,Karachi Kings
1,Abbas Afridi,4,4,10,0,102,4,27-Feb,25.5,10.2,15,0,0,1,0,2020/2021,Karachi Kings
1,Abdul Nasir,1,1,3,0,26,0,-,-,8.66,-,0,0,2,0,2019/2020,Quetta Gladiators
1,Agha Salman,3,2,2.1,0,20,0,-,-,9.23,-,0,0,0,0,2018/2019,Lahore Qalandars
1,KJ Abbott,1,1,3,0,25,1,25-Jan,25,8.33,18,0,0,0,0,2017/2018,Lahore Qalandars
1,Abdur Rehman,1,1,3,0,28,0,-,-,9.33,-,0,0,1,0,2016/2017,Peshawar Zalmi
1,Abdur Rehman,1,1,3,0,28,0,-,-,9.33,-,0,0,1,0,2015/2016,Peshawar Zalmi
2,Abbas Afridi,5,5,15,0,127,3,20-Jan,42.33,8.46,30,0,0,0,0,2021/2022,Multan Sultans
2,Abdul Nasir,1,1,4,0,15,1,15-Jan,15,3.75,24,0,0,0,0,2020/2021,Quetta Gladiators
2,Adil Amin,1,-,-,-,-,-,-,-,-,-,-,-,0,0,2019/2020,Peshawar Zalmi
2,Ahmed Shehzad,8,-,-,-,-,-,-,-,-,-,-,-,5,0,2018/2019,Quetta Gladiators
2,Agha Salman,8,2,2,0,13,0,-,-,6.5,-,0,0,1,0,2017/2018,Lahore Qalandars
2,Adnan Rasool,3,2,6,0,67,0,-,-,11.16,-,0,0,0,0,2016/2017,Lahore Qalandars
2,Adnan Rasool,3,2,6,0,67,0,-,-,11.16,-,0,0,0,0,2015/2016,Lahore Qalandars
3,Abdullah Shafique,11,-,-,-,-,-,-,-,-,-,-,-,7,0,2021/2022,Lahore Qalandars
3,Abrar Ahmed,2,2,7,0,62,3,14-Mar,20.66,8.85,14,0,0,0,0,2020/2021,Peshawar Zalmi
3,Ahmed Safi Abdullah,3,3,8,0,65,4,17-Feb,16.25,8.12,12,0,0,0,0,2019/2020,Islamabad United
3,Ahsan Ali,8,1,1,0,9,1,9-Jan,9,9,6,0,0,5,0,2018/2019,Quetta Gladiators
3,Ahmed Shehzad,10,-,-,-,-,-,-,-,-,-,-,-,7,0,2017/2018,Multan Sultans
3,Ahmed Shehzad,10,-,-,-,-,-,-,-,-,-,-,-,4,0,2016/2017,Quetta Gladiators
3,Ahmed Shehzad,10,-,-,-,-,-,-,-,-,-,-,-,4,0,2015/2016,Quetta Gladiators
4,Abdul Bangalzai,1,-,-,-,-,-,-,-,-,-,-,-,0,0,2021/2022,Quetta Gladiators
4,Agha Salman,4,-,-,-,-,-,-,-,-,-,-,-,2,0,2020/2021,Lahore Qalandars
4,Ahmed Shehzad,7,-,-,-,-,-,-,-,-,-,-,-,3,0,2019/2020,Quetta Gladiators
4,Aizaz Cheema,1,1,3,0,32,0,-,-,10.66,-,0,0,0,0,2018/2019,Lahore Qalandars
4,Amad Butt,5,5,13.1,0,116,5,Feb-30,23.2,8.81,15.8,0,0,1,0,2017/2018,Islamabad United
4,Aizaz Cheema,4,4,14,0,104,6,14-Feb,17.33,7.42,14,0,0,3,0,2016/2017,Quetta Gladiators
4,Aizaz Cheema,4,4,14,0,104,6,14-Feb,17.33,7.42,14,0,0,3,0,2015/2016,Quetta Gladiators
5,Ahsan Ali,8,-,-,-,-,-,-,-,-,-,-,-,2,0,2021/2022,Quetta Gladiators
5,Ahmed Daniyal,10,10,35,0,330,6,Feb-29,55,9.42,35,0,0,1,0,2020/2021,Lahore Qalandars
5,Ahsan Ali,3,-,-,-,-,-,-,-,-,-,-,-,1,0,2019/2020,Quetta Gladiators
5,Ali Shafiq,2,2,5.4,0,20,2,11-Feb,10,3.52,17,0,0,0,0,2018/2019,Multan Sultans
5,Anwar Ali,11,10,27.4,0,205,7,21-Feb,29.28,7.4,23.7,0,0,5,0,2017/2018,Quetta Gladiators
5,Akbar-ur-Rehman,7,3,4,0,29,0,-,-,7.25,-,0,0,3,0,2016/2017,Quetta Gladiators
5,Akbar-ur-Rehman,7,3,4,0,29,0,-,-,7.25,-,0,0,3,0,2015/2016,Quetta Gladiators
6,Ali Majid,1,1,4,0,33,0,-,-,8.25,-,0,0,0,0,2021/2022,Peshawar Zalmi
6,Akif Javed,5,5,19,0,160,6,Mar-43,26.66,8.42,19,0,0,1,0,2020/2021,Islamabad United
6,Akif Javed,6,5,15,0,125,4,20-Jan,31.25,8.33,22.5,0,0,1,0,2019/2020,Islamabad United
6,Amad Butt,2,2,8,0,67,4,Mar-40,16.75,8.37,12,0,0,3,0,2018/2019,Islamabad United
6,JC Archer,2,2,8,0,53,5,23-Mar,10.6,6.62,9.6,0,0,1,0,2017/2018,Quetta Gladiators
6,J Allenby,2,-,-,-,-,-,-,-,-,-,-,-,0,0,2016/2017,Peshawar Zalmi
6,J Allenby,2,-,-,-,-,-,-,-,-,-,-,-,0,0,2015/2016,Peshawar Zalmi
7,Amad Butt,2,2,6,0,46,1,20-Jan,46,7.66,36,0,0,1,0,2021/2022,Peshawar Zalmi
7,Ali Khan,3,3,8.2,0,70,2,10-Jan,35,8.4,25,0,0,1,0,2020/2021,Islamabad United
7,MM Ali,9,6,11,0,110,5,13-Feb,22,10,13.2,0,0,6,0,2019/2020,Multan Sultans
7,CJ Anderson,3,-,-,-,-,-,-,-,-,-,-,-,0,0,2018/2019,Lahore Qalandars
7,Asad Shafiq,8,-,-,-,-,-,-,-,-,-,-,-,3,0,2017/2018,Quetta Gladiators
7,Anwar Ali,9,9,29.5,1,258,9,Feb-33,28.66,8.64,19.8,0,0,3,0,2016/2017,Quetta Gladiators
7,Anwar Ali,9,9,29.5,1,258,9,Feb-33,28.66,8.64,19.8,0,0,3,0,2015/2016,Quetta Gladiators
8,Anwar Ali,4,4,9,0,79,2,11-Jan,39.5,8.77,27,0,0,5,0,2021/2022,Multan Sultans
8,FA Allen,3,3,8,0,83,3,Feb-36,27.66,10.37,16,0,0,1,0,2020/2021,Peshawar Zalmi
8,Ali Khan,1,1,3,0,36,1,Jan-36,36,12,18,0,0,0,0,2019/2020,Karachi Kings
8,Anwar Ali,3,2,7.4,0,67,1,27-Jan,67,8.73,46,0,0,0,0,2018/2019,Quetta Gladiators
8,Asif Ali,12,-,-,-,-,-,-,-,-,-,-,-,6,0,2017/2018,Islamabad United
8,Asad Shafiq,1,-,-,-,-,-,-,-,-,-,-,-,0,0,2016/2017,Quetta Gladiators
8,Asad Shafiq,1,-,-,-,-,-,-,-,-,-,-,-,0,0,2015/2016,Quetta Gladiators
9,Arish Ali,1,1,3,0,36,0,-,-,12,-,0,0,0,0,2021/2022,Peshawar Zalmi
9,Amad Butt,4,4,14.3,0,166,2,26-Jan,83,11.44,43.5,0,0,0,0,2020/2021,Peshawar Zalmi
9,Ali Shafiq,2,2,6.5,0,71,2,Feb-31,35.5,10.39,20.5,0,0,0,0,2019/2020,Multan Sultans
9,Asif Ali,12,-,-,-,-,-,-,-,-,-,-,-,4,0,2018/2019,Islamabad United
9,Babar Azam,12,-,-,-,-,-,-,-,-,-,-,-,4,0,2017/2018,Karachi Kings
9,Ashar Zaidi,3,2,8,0,59,0,-,-,7.37,-,0,0,0,0,2016/2017,Islamabad United
9,Ashar Zaidi,3,2,8,0,59,0,-,-,7.37,-,0,0,0,0,2015/2016,Islamabad United
10,Arshad Iqbal,1,1,4,0,30,2,Feb-30,15,7.5,12,0,0,0,0,2021/2022,Peshawar Zalmi
10,Anwar Ali,1,1,3,0,33,0,-,-,11,-,0,0,0,0,2020/2021,Quetta Gladiators
10,Amad Butt,5,4,14.4,0,143,5,27-Apr,28.6,9.75,17.6,1,0,3,0,2019/2020,Islamabad United
10,Awais Zia,2,1,0.1,0,4,0,-,-,24,-,0,0,0,0,2018/2019,Karachi Kings
10,Bilal Asif,1,1,2,0,19,0,-,-,9.5,-,0,0,0,0,2017/2018,Lahore Qalandars
10,Asif Ali,6,-,-,-,-,-,-,-,-,-,-,-,5,0,2016/2017,Islamabad United
10,Asif Ali,6,-,-,-,-,-,-,-,-,-,-,-,5,0,2015/2016,Islamabad United
11,Ashir Qureshi,4,2,7,0,61,1,31-Jan,61,8.71,42,0,0,0,0,2021/2022,Quetta Gladiators
11,Arish Ali,1,1,4,0,28,4,28-Apr,7,7,6,1,0,0,0,2020/2021,Quetta Gladiators
11,Anwar Ali,3,3,4,0,50,0,-,-,12.5,-,0,0,2,0,2019/2020,Quetta Gladiators
11,Azam Khan,1,-,-,-,-,-,-,-,-,-,-,-,0,0,2018/2019,Quetta Gladiators
11,RS Bopara,10,5,10,0,101,4,Mar-35,25.25,10.1,15,0,0,6,0,2017/2018,Karachi Kings
11,Azhar Ali,7,2,5,0,30,0,-,-,6,-,0,0,3,0,2016/2017,Lahore Qalandars
11,Azhar Ali,7,2,5,0,30,0,-,-,6,-,0,0,3,0,2015/2016,Lahore Qalandars
12,Asif Afridi,5,5,19,1,124,8,19-Mar,15.5,6.52,14.2,0,0,1,0,2021/2022,Multan Sultans
12,Arshad Iqbal,9,9,29,1,260,8,16-Mar,32.5,8.96,21.7,0,0,1,0,2020/2021,Karachi Kings
12,Arshad Iqbal,7,7,24.2,0,206,9,15-Feb,22.88,8.46,16.2,0,0,0,0,2019/2020,Karachi Kings
12,Babar Azam,11,-,-,-,-,-,-,-,-,-,-,-,7,0,2018/2019,Karachi Kings
12,DM Bravo,5,-,-,-,-,-,-,-,-,-,-,-,3,0,2017/2018,Multan Sultans
12,Azhar Mahmood,2,2,7,0,57,1,22-Jan,57,8.14,42,0,0,2,0,2016/2017,Islamabad United
12,Azhar Mahmood,2,2,7,0,57,1,22-Jan,57,8.14,42,0,0,2,0,2015/2016,Islamabad United
13,Asif Ali,12,1,3,0,27,2,27-Feb,13.5,9,9,0,0,7,0,2021/2022,Islamabad United
13,Asif Ali,12,-,-,-,-,-,-,-,-,-,-,-,2,0,2020/2021,Islamabad United
13,Asad Shafiq,1,-,-,-,-,-,-,-,-,-,-,-,0,0,2019/2020,Multan Sultans
13,IR Bell,1,-,-,-,-,-,-,-,-,-,-,-,0,0,2018/2019,Islamabad United
13,Danish Aziz,1,1,1,0,16,0,-,-,16,-,0,0,0,0,2017/2018,Karachi Kings
13,Babar Azam,2,-,-,-,-,-,-,-,-,-,-,-,0,0,2016/2017,Islamabad United
13,Babar Azam,2,-,-,-,-,-,-,-,-,-,-,-,0,0,2015/2016,Islamabad United
14,Athar Mahmood,3,3,8,0,49,0,-,-,6.12,-,0,0,1,0,2021/2022,Islamabad United
14,Azam Khan,10,-,-,-,-,-,-,-,-,-,-,-,2,0,2020/2021,Quetta Gladiators
14,Asif Ali,9,-,-,-,-,-,-,-,-,-,-,-,3,0,2019/2020,Islamabad United
14,RS Bopara,2,1,2,0,33,0,-,-,16.5,-,0,0,2,0,2018/2019,Karachi Kings
14,LA Dawson,9,8,29,1,242,8,17-Mar,30.25,8.34,21.7,0,0,5,0,2017/2018,Peshawar Zalmi
14,S Badree,6,6,23,1,158,4,20-Jan,39.5,6.86,34.5,0,0,1,0,2016/2017,Islamabad United
14,S Badree,6,6,23,1,158,4,20-Jan,39.5,6.86,34.5,0,0,1,0,2015/2016,Islamabad United
15,Azam Khan,12,-,-,-,-,-,-,-,-,-,-,-,6,3,2021/2022,Islamabad United
15,Babar Azam,11,-,-,-,-,-,-,-,-,-,-,-,5,0,2020/2021,Karachi Kings
15,Azam Khan,9,-,-,-,-,-,-,-,-,-,-,-,2,0,2019/2020,Quetta Gladiators
15,CR Brathwaite,1,1,2,0,25,1,25-Jan,25,12.5,12,0,0,0,0,2018/2019,Lahore Qalandars
15,CS Delport,2,-,-,-,-,-,-,-,-,-,-,-,0,0,2017/2018,Lahore Qalandars
15,JM Bairstow,1,-,-,-,-,-,-,-,-,-,-,-,2,0,2016/2017,Peshawar Zalmi
15,JM Bairstow,1,-,-,-,-,-,-,-,-,-,-,-,2,0,2015/2016,Peshawar Zalmi
16,Babar Azam,10,-,-,-,-,-,-,-,-,-,-,-,9,0,2021/2022,Karachi Kings
16,T Banton,2,-,-,-,-,-,-,-,-,-,-,-,0,0,2020/2021,Quetta Gladiators
16,Babar Azam,12,-,-,-,-,-,-,-,-,-,-,-,8,0,2019/2020,Karachi Kings
16,DJ Bravo,6,6,24,0,199,7,19-Mar,28.42,8.29,20.5,0,0,2,0,2018/2019,Quetta Gladiators
16,JL Denly,12,1,2,0,15,0,-,-,7.5,-,0,0,8,0,2017/2018,Karachi Kings
16,Bilawal Bhatti,1,1,4,0,36,2,Feb-36,18,9,12,0,0,0,0,2016/2017,Karachi Kings
16,Bilawal Bhatti,1,1,4,0,36,2,Feb-36,18,9,12,0,0,0,0,2015/2016,Karachi Kings
17,HC Brook,10,-,-,-,-,-,-,-,-,-,-,-,5,0,2021/2022,Lahore Qalandars
17,RS Bopara,2,-,-,-,-,-,-,-,-,-,-,-,0,0,2020/2021,Peshawar Zalmi
17,T Banton,7,-,-,-,-,-,-,-,-,-,-,-,7,0,2019/2020,Peshawar Zalmi
17,J Charles,7,-,-,-,-,-,-,-,-,-,-,-,1,0,2018/2019,Multan Sultans
17,AP Devcich,5,2,2,0,31,0,-,-,15.5,-,0,0,1,0,2017/2018,Lahore Qalandars
17,SW Billings,5,-,-,-,-,-,-,-,-,-,-,-,3,0,2016/2017,Islamabad United
17,SW Billings,5,-,-,-,-,-,-,-,-,-,-,-,3,0,2015/2016,Islamabad United
18,PR Brown,2,2,7,0,61,0,-,-,8.71,-,0,0,2,0,2021/2022,Peshawar Zalmi
18,CR Brathwaite,5,5,20,1,159,4,20-Feb,39.75,7.95,30,0,0,2,0,2020/2021,Multan Sultans
18,Bilawal Bhatti,2,2,7,0,67,3,26-Mar,22.33,9.57,14,0,0,0,0,2019/2020,Multan Sultans
18,DT Christian,8,5,10.3,0,113,5,19-Mar,22.6,10.76,12.6,0,0,4,0,2018/2019,Multan Sultans
18,JP Duminy,10,3,9,0,70,1,Jan-38,70,7.77,54,0,0,8,0,2017/2018,Islamabad United
18,Bismillah Khan,3,-,-,-,-,-,-,-,-,-,-,-,0,0,2016/2017,Quetta Gladiators
18,Bismillah Khan,3,-,-,-,-,-,-,-,-,-,-,-,0,0,2015/2016,Quetta Gladiators
19,J Charles,2,-,-,-,-,-,-,-,-,-,-,-,1,0,2021/2022,Multan Sultans
19,J Charles,5,-,-,-,-,-,-,-,-,-,-,-,2,0,2020/2021,Multan Sultans
19,RS Bopara,6,1,2,0,17,0,-,-,8.5,-,0,0,1,0,2019/2020,Multan Sultans
19,Danish Aziz,1,1,0.3,0,6,0,-,-,12,-,0,0,0,0,2018/2019,Quetta Gladiators
19,Faheem Ashraf,12,12,40,1,310,18,19-Mar,17.22,7.75,13.3,0,0,2,0,2017/2018,Islamabad United
19,RS Bopara,9,9,22,0,152,11,16-Jun,13.81,6.9,12,0,1,1,0,2016/2017,Karachi Kings
19,RS Bopara,9,9,22,0,152,11,16-Jun,13.81,6.9,12,0,1,1,0,2015/2016,Karachi Kings
20,JM Clarke,8,-,-,-,-,-,-,-,-,-,-,-,2,1,2021/2022,Karachi Kings
20,DT Christian,5,5,12.2,0,134,4,12-Jan,33.5,10.86,18.5,0,0,2,0,2020/2021,Karachi Kings
20,CR Brathwaite,4,4,9.5,0,83,5,28-Mar,16.6,8.44,11.8,0,0,1,0,2019/2020,Peshawar Zalmi
20,LA Dawson,11,10,23,0,167,3,5-Jan,55.66,7.26,46,0,0,6,0,2018/2019,Peshawar Zalmi
20,Fakhar Zaman,10,3,5,0,32,1,10-Jan,32,6.4,30,0,0,3,0,2017/2018,Lahore Qalandars
20,DJ Bravo,8,8,27,0,226,4,30-Mar,56.5,8.37,40.5,0,0,2,0,2016/2017,Lahore Qalandars
20,DJ Bravo,8,8,27,0,226,4,30-Mar,56.5,8.37,40.5,0,0,2,0,2015/2016,Lahore Qalandars
21,IA Cockbain,3,-,-,-,-,-,-,-,-,-,-,-,0,0,2021/2022,Karachi Kings
21,JM Clarke,5,-,-,-,-,-,-,-,-,-,-,-,5,0,2020/2021,Karachi Kings
21,BCJ Cutting,7,5,16,0,173,8,31-Mar,21.62,10.81,12,0,0,0,0,2019/2020,Quetta Gladiators
21,CS Delport,12,4,9,0,66,4,24-Feb,16.5,7.33,13.5,0,0,1,0,2018/2019,Islamabad United
21,ST Finn,5,5,16,0,124,5,Mar-35,24.8,7.75,19.2,0,0,1,0,2017/2018,Islamabad United
21,E Chigumbura,5,-,-,-,-,-,-,-,-,-,-,-,2,0,2016/2017,Quetta Gladiators
21,E Chigumbura,5,-,-,-,-,-,-,-,-,-,-,-,2,0,2015/2016,Quetta Gladiators
22,BCJ Cutting,9,3,6.5,0,68,1,Jan-37,68,9.95,41,0,0,8,0,2021/2022,Peshawar Zalmi
22,BCJ Cutting,5,3,5.5,0,74,1,23-Jan,74,12.68,35,0,0,3,0,2020/2021,Quetta Gladiators
22,LA Dawson,4,2,5,0,53,0,-,-,10.6,-,0,0,1,0,2019/2020,Peshawar Zalmi
22,AP Devcich,5,-,-,-,-,-,-,-,-,-,-,-,1,0,2018/2019,Lahore Qalandars
22,ADS Fletcher,5,-,-,-,-,-,-,-,-,-,-,-,1,0,2017/2018,Peshawar Zalmi
22,KK Cooper,7,6,17,0,157,6,25-Mar,26.16,9.23,17,0,0,3,0,2016/2017,Lahore Qalandars
22,KK Cooper,7,6,17,0,157,6,25-Mar,26.16,9.23,17,0,0,3,0,2015/2016,Lahore Qalandars
23,Danish Aziz,3,1,0.2,0,6,0,-,-,18,-,0,0,0,0,2021/2022,Islamabad United
23,Danish Aziz,3,1,2,0,15,0,-,-,7.5,-,0,0,2,0,2020/2021,Karachi Kings
23,CS Delport,8,3,9.1,0,93,1,23-Jan,93,10.14,55,0,0,3,0,2019/2020,Karachi Kings
23,AB de Villiers,7,-,-,-,-,-,-,-,-,-,-,-,2,0,2018/2019,Lahore Qalandars
23,Gulraiz Sadaf,5,-,-,-,-,-,-,-,-,-,-,-,2,0,2017/2018,Lahore Qalandars
23,CS Delport,8,5,10.5,0,87,4,18-Mar,21.75,8.03,16.2,0,0,2,0,2016/2017,Lahore Qalandars
23,CS Delport,8,5,10.5,0,87,4,18-Mar,21.75,8.03,16.2,0,0,2,0,2015/2016,Lahore Qalandars
24,TH David,11,3,4,0,38,1,4-Jan,38,9.5,24,0,0,10,0,2021/2022,Multan Sultans
24,TH David,6,-,-,-,-,-,-,-,-,-,-,-,4,0,2020/2021,Lahore Qalandars
24,Dilbar Hussain,11,11,34.3,0,279,14,24-Apr,19.92,8.08,14.7,1,0,2,0,2019/2020,Lahore Qalandars
24,BR Dunk,7,-,-,-,-,-,-,-,-,-,-,-,3,3,2018/2019,Karachi Kings
24,AD Hales,4,-,-,-,-,-,-,-,-,-,-,-,5,0,2017/2018,Islamabad United
24,Ehsan Adil,5,5,19.5,0,170,7,Apr-39,24.28,8.57,17,1,0,1,0,2016/2017,Lahore Qalandars
24,Ehsan Adil,5,5,19.5,0,170,7,Apr-39,24.28,8.57,17,1,0,1,0,2015/2016,Lahore Qalandars
25,LA Dawson,7,7,23.3,1,159,9,16-Mar,17.66,6.76,15.6,0,0,1,0,2021/2022,Islamabad United
25,CS Delport,5,1,1,0,25,0,-,-,25,-,0,0,1,0,2020/2021,Quetta Gladiators
25,BR Dunk,11,-,-,-,-,-,-,-,-,-,-,-,11,0,2019/2020,Lahore Qalandars
25,LJ Evans,5,-,-,-,-,-,-,-,-,-,-,-,2,0,2018/2019,Multan Sultans
25,Hammad Azam,2,1,3.1,0,33,0,-,-,10.42,-,0,0,1,0,2017/2018,Peshawar Zalmi
25,GD Elliott,6,6,22,0,134,11,15-Apr,12.18,6.09,12,1,0,2,0,2016/2017,Quetta Gladiators
25,GD Elliott,6,6,22,0,134,11,15-Apr,12.18,6.09,12,1,0,2,0,2015/2016,Quetta Gladiators
26,M de Lange,5,5,15,0,153,2,Jan-32,76.5,10.2,45,0,0,2,0,2021/2022,Islamabad United
26,JL Denly,2,-,-,-,-,-,-,-,-,-,-,-,1,0,2020/2021,Lahore Qalandars
26,F du Plessis,1,-,-,-,-,-,-,-,-,-,-,-,0,0,2019/2020,Peshawar Zalmi
26,Faheem Ashraf,12,12,44.1,0,322,21,19-Jun,15.33,7.29,12.6,1,1,4,0,2018/2019,Islamabad United
26,Haris Sohail,3,-,-,-,-,-,-,-,-,-,-,-,0,0,2017/2018,Peshawar Zalmi
26,CH Gayle,5,1,1,0,5,0,-,-,5,-,0,0,0,0,2016/2017,Lahore Qalandars
26,CH Gayle,5,1,1,0,5,0,-,-,5,-,0,0,0,0,2015/2016,Lahore Qalandars
27,BM Duckett,4,-,-,-,-,-,-,-,-,-,-,-,2,0,2021/2022,Quetta Gladiators
27,BR Dunk,10,-,-,-,-,-,-,-,-,-,-,-,10,0,2020/2021,Lahore Qalandars
27,Faheem Ashraf,7,7,20.4,0,220,7,Feb-34,31.42,10.64,17.7,0,0,4,0,2019/2020,Islamabad United
27,Fakhar Zaman,10,2,3,0,21,0,-,-,7,-,0,0,4,0,2018/2019,Lahore Qalandars
27,Hasan Ali,9,9,35.2,0,284,12,22-Mar,23.66,8.03,17.6,0,0,5,0,2017/2018,Peshawar Zalmi
27,BJ Haddin,8,-,-,-,-,-,-,-,-,-,-,-,7,1,2016/2017,Islamabad United
27,BJ Haddin,8,-,-,-,-,-,-,-,-,-,-,-,7,1,2015/2016,Islamabad United
28,BR Dunk,2,-,-,-,-,-,-,-,-,-,-,-,0,0,2021/2022,Lahore Qalandars
28,F du Plessis,5,-,-,-,-,-,-,-,-,-,-,-,3,0,2020/2021,Quetta Gladiators
28,Fakhar Zaman,12,-,-,-,-,-,-,-,-,-,-,-,10,0,2019/2020,Lahore Qalandars
28,Fawad Ahmed,12,12,45.2,0,298,11,15-Mar,27.09,6.57,24.7,0,0,0,0,2018/2019,Quetta Gladiators
28,Hassan Khan,11,11,28,0,187,6,3-Jan,31.16,6.67,28,0,0,6,0,2017/2018,Quetta Gladiators
28,Hammad Azam,3,1,2,0,25,0,-,-,12.5,-,0,0,0,0,2016/2017,Lahore Qalandars
28,Hammad Azam,3,1,2,0,25,0,-,-,12.5,-,0,0,0,0,2015/2016,Lahore Qalandars
29,Faheem Ashraf,10,10,34,0,284,9,28-Mar,31.55,8.35,22.6,0,0,4,0,2021/2022,Islamabad United
29,Faheem Ashraf,8,8,28,0,190,9,11-Mar,21.11,6.78,18.6,0,0,4,0,2020/2021,Islamabad United
29,Fawad Ahmed,5,5,19.3,0,165,4,Feb-40,41.25,8.46,29.2,0,0,0,0,2019/2020,Quetta Gladiators
29,ADS Fletcher,4,-,-,-,-,-,-,-,-,-,-,-,1,0,2018/2019,Peshawar Zalmi
29,JW Hastings,3,3,10,0,77,2,25-Jan,38.5,7.7,30,0,0,1,0,2017/2018,Quetta Gladiators
29,Hasan Ali,3,3,11,1,75,2,13-Jan,37.5,6.81,33,0,0,1,0,2016/2017,Peshawar Zalmi
29,Hasan Ali,3,3,11,1,75,2,13-Jan,37.5,6.81,33,0,0,1,0,2015/2016,Peshawar Zalmi
30,Fakhar Zaman,13,-,-,-,-,-,-,-,-,-,-,-,8,0,2021/2022,Lahore Qalandars
30,Fakhar Zaman,10,-,-,-,-,-,-,-,-,-,-,-,2,0,2020/2021,Lahore Qalandars
30,L Gregory,4,4,10,0,105,4,25-Apr,26.25,10.5,15,1,0,2,0,2019/2020,Peshawar Zalmi
30,Gauhar Ali,3,-,-,-,-,-,-,-,-,-,-,-,1,0,2018/2019,Lahore Qalandars
30,Hussain Talat,12,6,14,0,124,4,18-Feb,31,8.85,21,0,0,2,0,2017/2018,Islamabad United
30,BJ Hodge,4,-,-,-,-,-,-,-,-,-,-,-,0,0,2016/2017,Peshawar Zalmi
30,BJ Hodge,4,-,-,-,-,-,-,-,-,-,-,-,0,0,2015/2016,Peshawar Zalmi
31,JP Faulkner,6,6,20,0,196,6,Feb-47,32.66,9.8,20,0,0,0,0,2021/2022,Quetta Gladiators
31,JP Faulkner,6,6,24,0,156,13,19-Mar,12,6.5,11,0,0,2,0,2020/2021,Lahore Qalandars
31,Haider Ali,10,-,-,-,-,-,-,-,-,-,-,-,1,0,2019/2020,Peshawar Zalmi
31,Ghulam Mudassar,5,5,18.4,0,170,6,21-Mar,28.33,9.1,18.6,0,0,0,0,2018/2019,Quetta Gladiators
31,Ibtisam Sheikh,4,4,14,0,107,5,20-Mar,21.4,7.64,16.8,0,0,2,0,2017/2018,Peshawar Zalmi
31,Iftikhar Ahmed,4,1,0.2,0,7,0,-,-,21,-,0,0,1,0,2016/2017,Karachi Kings
31,Iftikhar Ahmed,4,1,0.2,0,7,0,-,-,21,-,0,0,1,0,2015/2016,Karachi Kings
32,Fawad Ahmed,1,1,4,0,26,2,26-Feb,13,6.5,12,0,0,1,0,2021/2022,Lahore Qalandars
32,Fawad Ahmed,5,5,20,0,167,6,25-Feb,27.83,8.35,20,0,0,0,0,2020/2021,Islamabad United
32,AD Hales,9,-,-,-,-,-,-,-,-,-,-,-,4,0,2019/2020,Karachi Kings
32,CJ Green,5,5,17,0,111,4,Mar-32,27.75,6.52,25.5,0,0,0,0,2018/2019,Multan Sultans
32,Iftikhar Ahmed,1,-,-,-,-,-,-,-,-,-,-,-,0,0,2017/2018,Islamabad United
32,Imad Wasim,8,6,16,0,137,4,10-Jan,34.25,8.56,24,0,0,3,0,2016/2017,Karachi Kings
32,Imad Wasim,8,6,16,0,137,4,10-Jan,34.25,8.56,24,0,0,3,0,2015/2016,Karachi Kings
33,D Foxcroft,1,-,-,-,-,-,-,-,-,-,-,-,1,0,2021/2022,Lahore Qalandars
33,CH Gayle,2,-,-,-,-,-,-,-,-,-,-,-,0,0,2020/2021,Quetta Gladiators
33,Hammad Azam,1,1,1,0,11,0,-,-,11,-,0,0,1,0,2019/2020,Peshawar Zalmi
33,DAS Gunaratne,1,1,1,0,8,0,-,-,8,-,0,0,0,0,2018/2019,Lahore Qalandars
33,Imad Wasim,8,7,25.2,0,162,5,19-Feb,32.4,6.39,30.4,0,0,2,0,2017/2018,Karachi Kings
33,Imran Khalid,9,8,23.1,1,145,9,20-Apr,16.11,6.25,15.4,1,0,4,0,2016/2017,Islamabad United
33,Imran Khalid,9,8,23.1,1,145,9,20-Apr,16.11,6.25,15.4,1,0,4,0,2015/2016,Islamabad United
34,Ghulam Mudassar,5,5,17,0,193,5,Feb-43,38.6,11.35,20.4,0,0,1,0,2021/2022,Quetta Gladiators
34,L Gregory,2,2,5,0,42,2,Feb-31,21,8.4,15,0,0,0,0,2020/2021,Islamabad United
34,Haris Rauf,8,8,30,0,302,10,30-Mar,30.2,10.06,18,0,0,1,0,2019/2020,Lahore Qalandars
34,HF Gurney,1,1,2,0,13,1,13-Jan,13,6.5,12,0,0,0,0,2018/2019,Quetta Gladiators
34,Imran Khan,1,1,2.4,0,24,1,24-Jan,24,9,16,0,0,0,0,2017/2018,Lahore Qalandars
34,Imran Khan,1,1,4,0,35,1,Jan-35,35,8.75,24,0,0,2,0,2016/2017,Peshawar Zalmi
34,Imran Khan,1,1,4,0,35,1,Jan-35,35,8.75,24,0,0,2,0,2015/2016,Peshawar Zalmi
35,L Gregory,7,6,14,0,127,1,22-Jan,127,9.07,84,0,0,6,0,2021/2022,Karachi Kings
35,MJ Guptill,6,-,-,-,-,-,-,-,-,-,-,-,3,0,2020/2021,Karachi Kings
35,Hasan Ali,9,9,32,0,275,8,Feb-36,34.37,8.59,24,0,0,2,0,2019/2020,Peshawar Zalmi
35,AD Hales,2,-,-,-,-,-,-,-,-,-,-,-,1,0,2018/2019,Islamabad United
35,Imran Tahir,10,9,33,1,239,13,19-Mar,18.38,7.24,15.2,0,0,3,0,2017/2018,Multan Sultans
35,Junaid Khan,6,6,24,1,178,6,Feb-32,29.66,7.41,24,0,0,1,0,2016/2017,Peshawar Zalmi
35,Junaid Khan,6,6,24,1,178,6,Feb-32,29.66,7.41,24,0,0,1,0,2015/2016,Peshawar Zalmi
36,Haider Ali,9,-,-,-,-,-,-,-,-,-,-,-,1,0,2021/2022,Peshawar Zalmi
36,Haider Ali,9,-,-,-,-,-,-,-,-,-,-,-,4,0,2020/2021,Peshawar Zalmi
36,Hussain Talat,5,2,3,0,34,0,-,-,11.33,-,0,0,3,0,2019/2020,Islamabad United
36,Hammad Azam,5,-,-,-,-,-,-,-,-,-,-,-,1,0,2018/2019,Multan Sultans
36,CA Ingram,12,1,1,0,8,0,-,-,8,-,0,0,3,0,2017/2018,Karachi Kings
36,Kamran Akmal,10,-,-,-,-,-,-,-,-,-,-,-,8,2,2016/2017,Peshawar Zalmi
36,Kamran Akmal,10,-,-,-,-,-,-,-,-,-,-,-,8,2,2015/2016,Peshawar Zalmi
37,AD Hales,9,-,-,-,-,-,-,-,-,-,-,-,4,0,2021/2022,Islamabad United
37,AD Hales,4,-,-,-,-,-,-,-,-,-,-,-,1,0,2020/2021,Islamabad United
37,Iftikhar Ahmed,12,5,13,0,97,2,12-Jan,48.5,7.46,39,0,0,6,0,2019/2020,Karachi Kings
37,Haris Rauf,10,10,36,0,267,11,23-Apr,24.27,7.41,19.6,1,0,2,0,2018/2019,Lahore Qalandars
37,CJ Jordan,5,5,18,0,142,5,22-Feb,28.4,7.88,21.6,0,0,5,0,2017/2018,Peshawar Zalmi
37,Kamran Ghulam,2,1,1,0,6,0,-,-,6,-,0,0,0,0,2016/2017,Islamabad United
37,Kamran Ghulam,2,1,1,0,6,0,-,-,6,-,0,0,0,0,2015/2016,Islamabad United
38,Haris Rauf,13,13,51.4,0,470,16,Mar-33,29.37,9.09,19.3,0,0,6,0,2021/2022,Lahore Qalandars
38,Hammad Azam,1,1,1,0,8,0,-,-,8,-,0,0,0,0,2020/2021,Multan Sultans
38,Imad Wasim,11,11,31.5,0,225,7,14-Feb,32.14,7.06,27.2,0,0,1,0,2019/2020,Karachi Kings
38,Haris Sohail,5,-,-,-,-,-,-,-,-,-,-,-,4,0,2018/2019,Lahore Qalandars
38,Junaid Khan,8,7,23.4,0,178,7,24-Mar,25.42,7.52,20.2,0,0,2,0,2017/2018,Multan Sultans
38,Khalid Latif,9,-,-,-,-,-,-,-,-,-,-,-,3,0,2016/2017,Islamabad United
38,Khalid Latif,9,-,-,-,-,-,-,-,-,-,-,-,3,0,2015/2016,Islamabad United
39,Hasan Ali,9,9,33.4,0,365,9,30-Mar,40.55,10.84,22.4,0,0,2,0,2021/2022,Islamabad United
39,Haris Rauf,9,9,35.2,0,342,10,Mar-38,34.2,9.67,21.2,0,0,3,0,2020/2021,Lahore Qalandars
39,Imam-ul-Haq,4,-,-,-,-,-,-,-,-,-,-,-,3,0,2019/2020,Peshawar Zalmi
39,Hasan Ali,13,13,50.2,0,341,25,15-Apr,13.64,6.77,12,3,0,2,0,2018/2019,Peshawar Zalmi
39,Kamran Akmal,13,-,-,-,-,-,-,-,-,-,-,-,8,0,2017/2018,Peshawar Zalmi
39,NL McCullum,2,1,3,0,24,1,24-Jan,24,8,18,0,0,1,0,2016/2017,Quetta Gladiators
39,NL McCullum,2,1,3,0,24,1,24-Jan,24,8,18,0,0,1,0,2015/2016,Quetta Gladiators
40,Hassan Khan,2,2,6.4,0,69,0,-,-,10.35,-,0,0,0,0,2021/2022,Quetta Gladiators
40,Hasan Ali,10,10,39.5,0,269,13,14-Feb,20.69,6.75,18.3,0,0,3,0,2020/2021,Islamabad United
40,Imran Tahir,10,9,32,0,238,11,28-Mar,21.63,7.43,17.4,0,0,1,0,2019/2020,Multan Sultans
40,Hassan Khan,2,2,3,0,29,0,-,-,9.66,-,0,0,0,0,2018/2019,Lahore Qalandars
40,Khalid Usman,2,1,3,0,27,1,27-Jan,27,9,18,0,0,0,0,2017/2018,Peshawar Zalmi
40,DJ Malan,8,-,-,-,-,-,-,-,-,-,-,-,5,0,2016/2017,Peshawar Zalmi
40,DJ Malan,8,-,-,-,-,-,-,-,-,-,-,-,5,0,2015/2016,Peshawar Zalmi
41,Hazratullah Zazai,7,-,-,-,-,-,-,-,-,-,-,-,2,0,2021/2022,Peshawar Zalmi
41,Hassan Khan,3,3,7,0,70,1,16-Jan,70,10,42,0,0,3,0,2020/2021,Quetta Gladiators
41,CA Ingram,9,-,-,-,-,-,-,-,-,-,-,-,2,0,2019/2020,Islamabad United
41,Hussain Talat,10,2,2,0,25,0,-,-,12.5,-,0,0,4,0,2018/2019,Islamabad United
41,Khurram Manzoor,7,-,-,-,-,-,-,-,-,-,-,-,1,0,2017/2018,Karachi Kings
41,BAW Mendis,4,4,12,0,94,4,17-Mar,23.5,7.83,18,0,0,0,0,2016/2017,Lahore Qalandars
41,BAW Mendis,4,4,12,0,94,4,17-Mar,23.5,7.83,18,0,0,0,0,2015/2016,Lahore Qalandars
42,BAC Howell,1,1,3.3,0,34,1,Jan-34,34,9.71,21,0,0,0,0,2021/2022,Peshawar Zalmi
42,Hazratullah Zazai,5,-,-,-,-,-,-,-,-,-,-,-,2,0,2020/2021,Peshawar Zalmi
42,CJ Jordan,9,9,33,0,273,9,Feb-29,30.33,8.27,22,0,0,6,0,2019/2020,Karachi Kings
42,Ibtisam Sheikh,4,4,10,0,71,4,14-Feb,17.75,7.1,15,0,0,2,0,2018/2019,Peshawar Zalmi
42,Khushdil Shah,2,-,-,-,-,-,-,-,-,-,-,-,0,0,2017/2018,Peshawar Zalmi
42,Mir Hamza,4,3,4.5,0,51,0,-,-,10.55,-,0,0,2,0,2016/2017,Karachi Kings
42,Mir Hamza,4,3,4.5,0,51,0,-,-,10.55,-,0,0,2,0,2015/2016,Karachi Kings
43,Hussain Talat,9,6,17,0,134,4,8-Jan,33.5,7.88,25.5,0,0,1,0,2021/2022,Peshawar Zalmi
43,SO Hetmyer,2,-,-,-,-,-,-,-,-,-,-,-,0,0,2020/2021,Multan Sultans
43,Junaid Khan,3,3,10,0,95,3,17-Feb,31.66,9.5,20,0,0,1,0,2019/2020,Multan Sultans
43,Iftikhar Ahmed,6,2,3,0,14,2,4-Feb,7,4.66,9,0,0,0,0,2018/2019,Karachi Kings
43,T Kohler-Cadmore,1,-,-,-,-,-,-,-,-,-,-,-,2,0,2017/2018,Quetta Gladiators
43,Misbah-ul-Haq,9,-,-,-,-,-,-,-,-,-,-,-,3,0,2016/2017,Islamabad United
43,Misbah-ul-Haq,9,-,-,-,-,-,-,-,-,-,-,-,3,0,2015/2016,Islamabad United
44,Iftikhar Ahmed,10,8,9.3,0,92,2,2-Jan,46,9.68,28.5,0,0,9,0,2021/2022,Quetta Gladiators
44,Hussain Talat,11,3,7,0,78,3,Feb-37,26,11.14,14,0,0,2,0,2020/2021,Islamabad United
44,Kamran Akmal,9,-,-,-,-,-,-,-,-,-,-,-,5,0,2019/2020,Peshawar Zalmi
44,Imad Wasim,11,11,43.2,0,289,5,27-Feb,57.8,6.66,52,0,0,1,0,2018/2019,Karachi Kings
44,B Laughlin,3,3,10,0,79,3,9-Jan,26.33,7.9,20,0,0,3,0,2017/2018,Quetta Gladiators
44,Mohammad Amir,7,7,26,1,164,7,27-Mar,23.42,6.3,22.2,0,0,0,0,2016/2017,Karachi Kings
44,Mohammad Amir,7,7,26,1,164,7,27-Mar,23.42,6.3,22.2,0,0,0,0,2015/2016,Karachi Kings
45,Ihsanullah,2,2,3.2,0,23,1,20-Jan,23,6.9,20,0,0,0,0,2021/2022,Multan Sultans
45,Iftikhar Ahmed,12,6,8.1,0,79,1,11-Jan,79,9.67,49,0,0,9,0,2020/2021,Islamabad United
45,Khurram Manzoor,1,-,-,-,-,-,-,-,-,-,-,-,0,0,2019/2020,Quetta Gladiators
45,Imam-ul-Haq,12,-,-,-,-,-,-,-,-,-,-,-,2,0,2018/2019,Peshawar Zalmi
45,MJ McClenaghan,4,4,16,0,142,2,31-Jan,71,8.87,48,0,0,1,0,2017/2018,Lahore Qalandars
45,Mohammad Asghar,9,9,31,1,203,11,20-Mar,18.45,6.54,16.9,0,0,3,0,2016/2017,Peshawar Zalmi
45,Mohammad Asghar,9,9,31,1,203,11,20-Mar,18.45,6.54,16.9,0,0,3,0,2015/2016,Peshawar Zalmi
46,Imad Wasim,9,9,35,0,239,6,Feb-30,39.83,6.82,35,0,0,2,0,2021/2022,Karachi Kings
46,Imad Wasim,11,10,31,1,241,7,2-Feb,34.42,7.77,26.5,0,0,3,0,2020/2021,Karachi Kings
46,Khushdil Shah,11,3,5,0,25,1,1-Jan,25,5,30,0,0,5,0,2019/2020,Multan Sultans
46,CA Ingram,11,-,-,-,-,-,-,-,-,-,-,-,6,0,2018/2019,Karachi Kings
46,BB McCullum,10,-,-,-,-,-,-,-,-,-,-,-,3,0,2017/2018,Lahore Qalandars
46,Mohammad Hafeez,10,-,-,-,-,-,-,-,-,-,-,-,3,0,2016/2017,Peshawar Zalmi
46,Mohammad Hafeez,10,-,-,-,-,-,-,-,-,-,-,-,3,0,2015/2016,Peshawar Zalmi
47,Imran Khan,3,3,10.4,0,129,0,-,-,12.09,-,0,0,1,0,2021/2022,Multan Sultans
47,Imam-ul-Haq,6,-,-,-,-,-,-,-,-,-,-,-,3,0,2020/2021,Peshawar Zalmi
47,LS Livingstone,8,1,1,0,10,0,-,-,10,-,0,0,6,0,2019/2020,Peshawar Zalmi
47,CJ Jordan,2,2,7,0,64,3,26-Mar,21.33,9.14,14,0,0,1,0,2018/2019,Peshawar Zalmi
47,Mahmudullah,3,2,3,0,26,1,20-Jan,26,8.66,18,0,0,1,0,2017/2018,Quetta Gladiators
47,Mohammad Irfan,6,6,21,1,155,7,22-Mar,22.14,7.38,18,0,0,0,0,2016/2017,Islamabad United
47,Mohammad Irfan,6,6,21,1,155,7,22-Mar,22.14,7.38,18,0,0,0,0,2015/2016,Islamabad United
48,Imran Tahir,12,12,46,0,298,16,16-Mar,18.62,6.47,17.2,0,0,2,0,2021/2022,Multan Sultans
48,Imran Khan,7,7,25,1,179,12,24-Mar,14.91,7.16,12.5,0,0,0,0,2020/2021,Multan Sultans
48,CA Lynn,8,-,-,-,-,-,-,-,-,-,-,-,2,0,2019/2020,Lahore Qalandars
48,Junaid Khan,7,7,26.2,0,228,8,Mar-39,28.5,8.65,19.7,0,0,1,0,2018/2019,Multan Sultans
48,TS Mills,8,7,24.3,0,208,9,23-Feb,23.11,8.48,16.3,0,0,4,0,2017/2018,Karachi Kings
48,Mohammad Nabi,8,8,27,0,208,4,Feb-32,52,7.7,40.5,0,0,4,0,2016/2017,Quetta Gladiators
48,Mohammad Nabi,8,8,27,0,208,4,Feb-32,52,7.7,40.5,0,0,4,0,2015/2016,Quetta Gladiators
49,WG Jacks,2,-,-,-,-,-,-,-,-,-,-,-,3,0,2021/2022,Islamabad United
49,Imran Tahir,7,7,25,1,170,13,7-Mar,13.07,6.8,11.5,0,0,5,0,2020/2021,Multan Sultans
49,A Lyth,2,2,3,0,26,1,22-Jan,26,8.66,18,0,0,2,0,2019/2020,Multan Sultans
49,Kamran Akmal,13,-,-,-,-,-,-,-,-,-,-,-,8,1,2018/2019,Peshawar Zalmi
49,Mir Hamza,3,3,11,0,95,3,27-Jan,31.66,8.63,22,0,0,1,0,2017/2018,Quetta Gladiators
49,Mohammad Nawaz,10,10,35.4,0,234,13,13-Apr,18,6.56,16.4,1,0,5,0,2016/2017,Quetta Gladiators
49,Mohammad Nawaz,10,10,35.4,0,234,13,13-Apr,18,6.56,16.4,1,0,5,0,2015/2016,Quetta Gladiators
50,CJ Jordan,5,5,20,0,189,9,Mar-41,21,9.45,13.3,0,0,1,0,2021/2022,Karachi Kings
50,CA Ingram,5,-,-,-,-,-,-,-,-,-,-,-,1,0,2020/2021,Karachi Kings
50,Maaz Khan,3,3,7,0,76,2,Feb-31,38,10.85,21,0,0,1,0,2019/2020,Lahore Qalandars
50,S Lamichhane,7,7,24.4,0,189,11,10-Apr,17.18,7.66,13.4,1,0,2,0,2018/2019,Lahore Qalandars
50,Misbah-ul-Haq,8,-,-,-,-,-,-,-,-,-,-,-,1,0,2017/2018,Islamabad United
50,Mohammad Rizwan,8,-,-,-,-,-,-,-,-,-,-,-,6,4,2016/2017,Lahore Qalandars
50,Mohammad Rizwan,8,-,-,-,-,-,-,-,-,-,-,-,6,4,2015/2016,Lahore Qalandars
51,Kamran Akmal,6,-,-,-,-,-,-,-,-,-,-,-,2,0,2021/2022,Peshawar Zalmi
51,Kamran Akmal,13,-,-,-,-,-,-,-,-,-,-,-,15,1,2020/2021,Peshawar Zalmi
51,MJ McClenaghan,1,1,1,0,14,0,-,-,14,-,0,0,0,0,2019/2020,Karachi Kings
51,LS Livingstone,11,-,-,-,-,-,-,-,-,-,-,-,4,0,2018/2019,Karachi Kings
51,Mohammad Amir,11,10,35,1,233,9,6-Feb,25.88,6.65,23.3,0,0,0,0,2017/2018,Karachi Kings
51,Mohammad Sami,7,7,24.4,0,138,12,8-May,11.5,5.59,12.3,0,1,1,0,2016/2017,Islamabad United
51,Mohammad Sami,7,7,24.4,0,138,12,8-May,11.5,5.59,12.3,0,1,1,0,2015/2016,Islamabad United
52,Kamran Ghulam,13,5,8,0,73,1,15-Jan,73,9.12,48,0,0,1,0,2021/2022,Lahore Qalandars
52,Khalid Usman,1,1,4,0,45,0,-,-,11.25,-,0,0,0,0,2020/2021,Peshawar Zalmi
52,S Mahmood,1,1,4,0,41,3,Mar-41,13.66,10.25,8,0,0,0,0,2019/2020,Peshawar Zalmi
52,WL Madsen,2,-,-,-,-,-,-,-,-,-,-,-,0,0,2018/2019,Peshawar Zalmi
52,Mohammad Asghar,5,5,15.4,0,141,2,18-Jan,70.5,9,47,0,0,2,0,2017/2018,Peshawar Zalmi
52,Mushfiqur Rahim,3,-,-,-,-,-,-,-,-,-,-,-,1,2,2016/2017,Karachi Kings
52,Mushfiqur Rahim,3,-,-,-,-,-,-,-,-,-,-,-,1,2,2015/2016,Karachi Kings
53,Khalid Usman,2,2,8,0,42,2,17-Jan,21,5.25,24,0,0,0,0,2021/2022,Peshawar Zalmi
53,UT Khawaja,7,-,-,-,-,-,-,-,-,-,-,-,0,0,2020/2021,Islamabad United
53,DJ Malan,4,-,-,-,-,-,-,-,-,-,-,-,1,0,2019/2020,Islamabad United
53,DJ Malan,2,-,-,-,-,-,-,-,-,-,-,-,1,0,2018/2019,Peshawar Zalmi
53,Mohammad Hafeez,13,-,-,-,-,-,-,-,-,-,-,-,5,0,2017/2018,Peshawar Zalmi
53,Nauman Anwar,5,-,-,-,-,-,-,-,-,-,-,-,1,0,2016/2017,Karachi Kings
53,Nauman Anwar,5,-,-,-,-,-,-,-,-,-,-,-,1,0,2015/2016,Karachi Kings
54,Khurram Shahzad,2,2,8,0,62,5,22-Apr,12.4,7.75,9.6,1,0,1,0,2021/2022,Quetta Gladiators
54,Khurram Shahzad,5,5,16,0,116,7,14-Mar,16.57,7.25,13.7,0,0,0,0,2020/2021,Quetta Gladiators
54,TS Mills,4,4,15,0,122,5,Feb-30,24.4,8.13,18,0,0,1,0,2019/2020,Quetta Gladiators
54,TS Mills,5,5,19,0,137,7,29-Mar,19.57,7.21,16.2,0,0,0,0,2018/2019,Peshawar Zalmi
54,Mohammad Irfan,10,9,36,1,228,10,19-Feb,22.8,6.33,21.6,0,0,1,0,2017/2018,Multan Sultans
54,Naved Yasin,5,-,-,-,-,-,-,-,-,-,-,-,1,0,2016/2017,Lahore Qalandars
54,Naved Yasin,5,-,-,-,-,-,-,-,-,-,-,-,1,0,2015/2016,Lahore Qalandars
55,Khushdil Shah,12,12,32.2,0,223,16,Apr-35,13.93,6.89,12.1,1,0,7,0,2021/2022,Multan Sultans
55,Khushdil Shah,11,3,4,0,37,1,4-Jan,37,9.25,24,0,0,3,0,2020/2021,Multan Sultans
55,Mohammad Amir Khan,4,4,12,0,107,3,11-Jan,35.66,8.91,24,0,0,1,0,2019/2020,Peshawar Zalmi
55,Misbah-ul-Haq,3,-,-,-,-,-,-,-,-,-,-,-,0,0,2018/2019,Peshawar Zalmi
55,Mohammad Irfan,11,10,31,0,298,12,18-Feb,24.83,9.61,15.5,0,0,3,0,2017/2018,Karachi Kings
55,KP Pietersen,9,-,-,-,-,-,-,-,-,-,-,-,1,0,2016/2017,Quetta Gladiators
55,KP Pietersen,9,-,-,-,-,-,-,-,-,-,-,-,1,0,2015/2016,Quetta Gladiators
56,T Kohler-Cadmore,2,-,-,-,-,-,-,-,-,-,-,-,0,0,2021/2022,Peshawar Zalmi
56,BA King,3,-,-,-,-,-,-,-,-,-,-,-,0,0,2020/2021,Islamabad United
56,Mohammad Amir,11,11,42.5,0,327,10,25-Apr,32.7,7.63,25.7,1,0,0,0,2019/2020,Karachi Kings
56,Mohammad Abbas,3,3,12,1,69,5,22-Mar,13.8,5.75,14.4,0,0,0,0,2018/2019,Multan Sultans
56,Mohammad Nawaz,11,11,36,1,196,7,4-Feb,28,5.44,30.8,0,0,3,0,2017/2018,Quetta Gladiators
56,Rumman Raees,8,8,26.3,0,180,4,14-Jan,45,6.79,39.7,0,0,1,0,2016/2017,Islamabad United
56,Rumman Raees,8,8,26.3,0,180,4,14-Jan,45,6.79,39.7,0,0,1,0,2015/2016,Islamabad United
57,TA Lammonby,3,-,-,-,-,-,-,-,-,-,-,-,1,0,2021/2022,Karachi Kings
57,T Kohler-Cadmore,4,-,-,-,-,-,-,-,-,-,-,-,5,0,2020/2021,Peshawar Zalmi
57,Mohammad Hafeez,13,8,20,1,130,3,11-Jan,43.33,6.5,40,0,0,6,0,2019/2020,Lahore Qalandars
57,Mohammad Amir,9,9,34.3,0,257,13,25-Apr,19.76,7.44,15.9,1,0,2,0,2018/2019,Karachi Kings
57,Mohammad Rizwan,12,-,-,-,-,-,-,-,-,-,-,-,5,2,2017/2018,Karachi Kings
57,AD Russell,10,10,34.2,0,276,16,18-Mar,17.25,8.03,12.8,0,0,5,0,2016/2017,Islamabad United
57,AD Russell,10,10,34.2,0,276,16,18-Mar,17.25,8.03,12.8,0,0,5,0,2015/2016,Islamabad United
58,LS Livingstone,4,4,13,0,112,2,22-Jan,56,8.61,39,0,0,3,0,2021/2022,Peshawar Zalmi
58,CA Lynn,4,-,-,-,-,-,-,-,-,-,-,-,1,0,2020/2021,Multan Sultans
58,Mohammad Hasnain,9,9,32,0,287,15,25-Apr,19.13,8.96,12.8,2,0,1,0,2019/2020,Quetta Gladiators
58,Mohammad Hafeez,2,2,5.1,0,40,0,-,-,7.74,-,0,0,2,0,2018/2019,Lahore Qalandars
58,Mohammad Sami,11,11,42.4,0,291,13,21-Mar,22.38,6.82,19.6,0,0,2,0,2017/2018,Islamabad United
58,Saeed Ajmal,6,6,22,0,157,6,27-Mar,26.16,7.13,22,0,0,0,0,2016/2017,Islamabad United
58,Saeed Ajmal,6,6,22,0,157,6,27-Mar,26.16,7.13,22,0,0,0,0,2015/2016,Islamabad United
59,S Mahmood,2,2,7,0,81,2,Feb-44,40.5,11.57,21,0,0,2,0,2021/2022,Peshawar Zalmi
59,S Mahmood,5,5,18.1,0,145,12,12-Mar,12.08,7.98,9,0,0,0,0,2020/2021,Peshawar Zalmi
59,Mohammad Ilyas,9,8,19.4,0,169,8,16-Feb,21.12,8.59,14.7,0,0,2,0,2019/2020,Multan Sultans
59,Mohammad Hasnain,7,7,28,1,211,12,30-Mar,17.58,7.53,14,0,0,1,0,2018/2019,Quetta Gladiators
59,EJG Morgan,3,-,-,-,-,-,-,-,-,-,-,-,0,0,2017/2018,Karachi Kings
59,Saifullah Bangash,5,-,-,-,-,-,-,-,-,-,-,-,2,0,2016/2017,Karachi Kings
59,Saifullah Bangash,5,-,-,-,-,-,-,-,-,-,-,-,2,0,2015/2016,Karachi Kings
60,Mir Hamza,4,4,16,0,114,8,27-Apr,14.25,7.12,12,1,0,0,0,2021/2022,Karachi Kings
60,DA Miller,3,-,-,-,-,-,-,-,-,-,-,-,1,0,2020/2021,Peshawar Zalmi
60,Mohammad Imran,1,1,2,0,16,1,16-Jan,16,8,12,0,0,0,0,2019/2020,Peshawar Zalmi
60,Mohammad Ilyas,8,7,24,0,194,9,27-Mar,21.55,8.08,16,0,0,4,0,2018/2019,Multan Sultans
60,Mukhtar Ahmed,1,-,-,-,-,-,-,-,-,-,-,-,1,0,2017/2018,Karachi Kings
60,DJG Sammy,10,6,11,0,96,4,9-Jan,24,8.72,16.5,0,0,4,0,2016/2017,Peshawar Zalmi
60,DJG Sammy,10,6,11,0,96,4,9-Jan,24,8.72,16.5,0,0,4,0,2015/2016,Peshawar Zalmi
61,Mohammad Hafeez,13,8,18,0,117,6,23-Feb,19.5,6.5,18,0,0,4,0,2021/2022,Lahore Qalandars
61,Mohammad Amir,11,11,41.4,2,349,5,14-Jan,69.8,8.37,50,0,0,2,0,2020/2021,Karachi Kings
61,Mohammad Irfan,8,7,26,0,212,4,Feb-31,53,8.15,39,0,0,0,0,2019/2020,Multan Sultans
61,Mohammad Irfan,9,9,32,0,209,5,16-Jan,41.8,6.53,38.4,0,0,2,0,2018/2019,Multan Sultans
61,Mustafizur Rahman,5,5,16,1,103,4,22-Feb,25.75,6.43,24,0,0,0,0,2017/2018,Lahore Qalandars
61,KC Sangakkara,4,-,-,-,-,-,-,-,-,-,-,-,0,0,2016/2017,Quetta Gladiators
61,KC Sangakkara,4,-,-,-,-,-,-,-,-,-,-,-,0,0,2015/2016,Quetta Gladiators
62,Mohammad Haris,5,-,-,-,-,-,-,-,-,-,-,-,5,1,2021/2022,Peshawar Zalmi
62,Mohammad Hafeez,10,5,8,0,62,2,4-Jan,31,7.75,24,0,0,2,0,2020/2021,Lahore Qalandars
62,Mohammad Mohsin,2,1,4,0,35,1,Jan-35,35,8.75,24,0,0,0,0,2019/2020,Peshawar Zalmi
62,Mohammad Irfan,2,2,5.2,0,68,0,-,-,12.75,-,0,0,0,0,2018/2019,Multan Sultans
62,SP Narine,9,9,34,0,204,10,28-Mar,20.4,6,20.4,0,0,5,0,2017/2018,Lahore Qalandars
62,Sarfraz Ahmed,10,-,-,-,-,-,-,-,-,-,-,-,2,2,2016/2017,Quetta Gladiators
62,Sarfraz Ahmed,10,-,-,-,-,-,-,-,-,-,-,-,2,2,2015/2016,Quetta Gladiators
63,Mohammad Hasnain,3,3,9,0,76,3,27-Feb,25.33,8.44,18,0,0,1,0,2021/2022,Quetta Gladiators
63,Mohammad Hasnain,9,9,32.5,0,292,9,18-Feb,32.44,8.89,21.8,0,0,2,0,2020/2021,Quetta Gladiators
63,Mohammad Nawaz,9,9,25,0,208,6,9-Feb,34.66,8.32,25,0,0,8,0,2019/2020,Quetta Gladiators
63,Mohammad Irfan,3,3,12,0,106,3,Feb-32,35.33,8.83,24,0,0,2,0,2018/2019,Quetta Gladiators
63,SR Patel,9,9,27,0,188,13,Apr-34,14.46,6.96,12.4,1,0,3,0,2017/2018,Islamabad United
63,Shahid Afridi,10,10,37,2,244,10,7-May,24.4,6.59,22.2,0,1,4,0,2016/2017,Peshawar Zalmi
63,Shahid Afridi,10,10,37,2,244,10,7-May,24.4,6.59,22.2,0,1,4,0,2015/2016,Peshawar Zalmi
64,Mohammad Huraira,1,-,-,-,-,-,-,-,-,-,-,-,0,0,2021/2022,Islamabad United
64,Mohammad Ilyas,5,5,17.5,1,173,8,Mar-39,21.62,9.7,13.3,0,0,1,0,2020/2021,Karachi Kings
64,Mohammad Rizwan,2,-,-,-,-,-,-,-,-,-,-,-,3,0,2019/2020,Karachi Kings
64,Mohammad Nawaz,12,12,46,0,350,13,25-Feb,26.92,7.6,21.2,0,0,8,0,2018/2019,Quetta Gladiators
64,NLTC Perera,1,1,2,0,24,2,24-Feb,12,12,6,0,0,2,0,2017/2018,Quetta Gladiators
64,Shahid Yousuf,9,-,-,-,-,-,-,-,-,-,-,-,3,0,2016/2017,Peshawar Zalmi
64,Shahid Yousuf,9,-,-,-,-,-,-,-,-,-,-,-,3,0,2015/2016,Peshawar Zalmi
65,Mohammad Ilyas,3,3,6,0,71,1,2-Jan,71,11.83,36,0,0,0,0,2021/2022,Karachi Kings
65,Mohammad Imran,11,11,41.3,0,340,9,Feb-47,37.77,8.19,27.6,0,0,0,0,2020/2021,Peshawar Zalmi
65,Muhammad Faizan,7,3,7,0,72,3,Feb-29,24,10.28,14,0,0,1,0,2019/2020,Lahore Qalandars
65,Mohammad Rizwan,5,-,-,-,-,-,-,-,-,-,-,-,2,2,2018/2019,Karachi Kings
65,KP Pietersen,9,-,-,-,-,-,-,-,-,-,-,-,1,0,2017/2018,Quetta Gladiators
65,Shahzaib Hasan,2,-,-,-,-,-,-,-,-,-,-,-,1,0,2016/2017,Karachi Kings
65,Shahzaib Hasan,2,-,-,-,-,-,-,-,-,-,-,-,1,0,2015/2016,Karachi Kings
66,Mohammad Imran,3,3,10,0,93,1,23-Jan,93,9.3,60,0,0,0,0,2021/2022,Karachi Kings
66,Mohammad Irfan,10,10,40,0,271,10,27-Mar,27.1,6.77,24,0,0,3,0,2020/2021,Peshawar Zalmi
66,Muhammad Musa,7,7,22.4,2,187,6,30-Mar,31.16,8.25,22.6,0,0,1,0,2019/2020,Islamabad United
66,Mohammad Sami,9,9,28.4,0,230,5,22-Mar,46,8.02,34.4,0,0,3,0,2018/2019,Islamabad United
66,KA Pollard,10,5,12.5,0,122,5,Mar-37,24.4,9.5,15.4,0,0,6,0,2017/2018,Multan Sultans
66,Shakib Al Hasan,8,7,21,0,167,3,26-Jan,55.66,7.95,42,0,0,3,0,2016/2017,Karachi Kings
66,Shakib Al Hasan,8,7,21,0,167,3,26-Jan,55.66,7.95,42,0,0,3,0,2015/2016,Karachi Kings
67,Mohammad Irfan,2,2,7.3,0,56,2,28-Jan,28,7.46,22.5,0,0,0,0,2021/2022,Quetta Gladiators
67,Mohammad Nabi,5,4,11,0,84,1,26-Jan,84,7.63,66,0,0,2,0,2020/2021,Karachi Kings
67,C Munro,8,-,-,-,-,-,-,-,-,-,-,-,1,0,2019/2020,Islamabad United
67,TJ Moores,3,-,-,-,-,-,-,-,-,-,-,-,0,1,2018/2019,Multan Sultans
67,Rahat Ali,11,11,42.2,0,322,15,16-Apr,21.46,7.6,16.9,1,0,1,0,2017/2018,Quetta Gladiators
67,Sharjeel Khan,11,-,-,-,-,-,-,-,-,-,-,-,2,0,2016/2017,Islamabad United
67,Sharjeel Khan,11,-,-,-,-,-,-,-,-,-,-,-,2,0,2015/2016,Islamabad United
68,Mohammad Nabi,9,9,31.2,0,213,5,17-Feb,42.6,6.79,37.6,0,0,3,0,2021/2022,Karachi Kings
68,Mohammad Nawaz,9,9,26,0,195,6,16-Feb,32.5,7.5,26,0,0,2,0,2020/2021,Quetta Gladiators
68,Naseem Shah,6,6,22,0,162,5,17-Feb,32.4,7.36,26.4,0,0,1,0,2019/2020,Quetta Gladiators
68,Muhammad Musa,7,7,23,0,235,8,25-Mar,29.37,10.21,17.2,0,0,1,0,2018/2019,Islamabad United
68,D Ramdin,4,-,-,-,-,-,-,-,-,-,-,-,1,0,2017/2018,Lahore Qalandars
68,Shoaib Malik,9,4,11,0,73,1,16-Jan,73,6.63,66,0,0,1,0,2016/2017,Karachi Kings
68,Shoaib Malik,9,4,11,0,73,1,16-Jan,73,6.63,66,0,0,1,0,2015/2016,Karachi Kings
69,Mohammad Nawaz,5,5,15,0,126,6,Mar-44,21,8.4,15,0,0,2,0,2021/2022,Quetta Gladiators
69,Mohammad Rizwan,12,-,-,-,-,-,-,-,-,-,-,-,18,2,2020/2021,Multan Sultans
69,WD Parnell,1,1,3,0,35,0,-,-,11.66,-,0,0,0,0,2019/2020,Karachi Kings
69,C Munro,8,4,7,0,71,2,14-Feb,35.5,10.14,21,0,0,0,0,2018/2019,Karachi Kings
69,Rameez Raja,5,-,-,-,-,-,-,-,-,-,-,-,0,0,2017/2018,Quetta Gladiators
69,LMP Simmons,6,-,-,-,-,-,-,-,-,-,-,-,1,0,2016/2017,Karachi Kings
69,LMP Simmons,6,-,-,-,-,-,-,-,-,-,-,-,1,0,2015/2016,Karachi Kings
70,Mohammad Rizwan,12,-,-,-,-,-,-,-,-,-,-,-,7,2,2021/2022,Multan Sultans
70,Mohammad Umar,2,2,7,0,79,2,Jan-34,39.5,11.28,21,0,0,1,0,2020/2021,Multan Sultans
70,SR Patel,12,10,31,1,235,10,5-Apr,23.5,7.58,18.6,1,0,5,0,2019/2020,Lahore Qalandars
70,Nabi Gul,2,1,0.5,0,4,0,-,-,4.8,-,0,0,1,0,2018/2019,Peshawar Zalmi
70,Raza Hasan,2,2,5,0,47,0,-,-,9.4,-,0,0,0,0,2017/2018,Lahore Qalandars
70,DR Smith,4,3,4,0,45,0,-,-,11.25,-,0,0,3,0,2016/2017,Islamabad United
70,DR Smith,4,3,4,0,45,0,-,-,11.25,-,0,0,3,0,2015/2016,Islamabad United
71,Mohammad Taha,5,1,4,0,32,0,-,-,8,-,0,0,0,0,2021/2022,Karachi Kings
71,Mohammad Wasim,11,11,40,0,336,12,Apr-31,28,8.4,20,1,0,4,0,2020/2021,Islamabad United
71,S Prasanna,2,2,5,0,56,0,-,-,11.2,-,0,0,0,0,2019/2020,Lahore Qalandars
71,Nasir Nawaz,1,-,-,-,-,-,-,-,-,-,-,-,0,0,2018/2019,Islamabad United
71,L Ronchi,11,-,-,-,-,-,-,-,-,-,-,-,4,0,2017/2018,Islamabad United
71,Sohaib Maqsood,2,-,-,-,-,-,-,-,-,-,-,-,0,0,2016/2017,Lahore Qalandars
71,Sohaib Maqsood,2,-,-,-,-,-,-,-,-,-,-,-,0,0,2015/2016,Lahore Qalandars
72,Mohammad Umar,6,6,20,0,187,5,22-Mar,37.4,9.35,24,0,0,0,0,2021/2022,Peshawar Zalmi
72,Muhammad Akhlaq,5,-,-,-,-,-,-,-,-,-,-,-,5,0,2020/2021,Islamabad United
72,Rahat Ali,10,10,36.1,0,302,9,24-Mar,33.55,8.35,24.1,0,0,1,0,2019/2020,Peshawar Zalmi
72,Nauman Ali,4,4,11,0,87,2,14-Feb,43.5,7.9,33,0,0,0,0,2018/2019,Multan Sultans
72,RR Rossouw,10,-,-,-,-,-,-,-,-,-,-,-,1,0,2017/2018,Quetta Gladiators
72,Sohail Khan,5,5,17.5,0,120,4,23-Feb,30,6.72,26.7,0,0,0,0,2016/2017,Karachi Kings
72,Sohail Khan,5,5,17.5,0,120,4,23-Feb,30,6.72,26.7,0,0,0,0,2015/2016,Karachi Kings
73,Mohammad Wasim,8,8,27.3,0,308,8,25-Feb,38.5,11.2,20.6,0,0,1,0,2021/2022,Islamabad United
73,Muhammad Faizan,2,-,-,-,-,-,-,-,-,-,-,-,0,0,2020/2021,Lahore Qalandars
73,Raja Farzan,2,2,6,0,35,2,24-Feb,17.5,5.83,18,0,0,0,0,2019/2020,Lahore Qalandars
73,WD Parnell,3,2,2,0,32,0,-,-,16,-,0,0,1,0,2018/2019,Islamabad United
73,JJ Roy,2,-,-,-,-,-,-,-,-,-,-,-,0,0,2017/2018,Quetta Gladiators
73,Sohail Tanvir,6,6,19.5,0,150,2,19-Jan,75,7.56,59.5,0,0,1,0,2016/2017,Karachi Kings
73,Sohail Tanvir,6,6,19.5,0,150,2,19-Jan,75,7.56,59.5,0,0,1,0,2015/2016,Karachi Kings
74,Mubasir Khan,7,5,8,0,58,1,19-Jan,58,7.25,48,0,0,1,0,2021/2022,Islamabad United
74,Muhammad Musa,3,3,11,0,95,5,18-Mar,19,8.63,13.2,0,0,0,0,2020/2021,Islamabad United
74,Rizwan Hussain,5,-,-,-,-,-,-,-,-,-,-,-,0,0,2019/2020,Islamabad United
74,SR Patel,8,8,26,0,191,4,15-Jan,47.75,7.34,39,0,0,3,0,2018/2019,Islamabad United
74,Rumman Raees,3,3,9.5,0,51,4,14-Mar,12.75,5.18,14.7,0,0,2,0,2017/2018,Islamabad United
74,SW Tait,9,9,35,1,262,10,23-Feb,26.2,7.48,21,0,0,1,0,2016/2017,Peshawar Zalmi
74,SW Tait,9,9,35,1,262,10,23-Feb,26.2,7.48,21,0,0,1,0,2015/2016,Peshawar Zalmi
75,Muhammad Akhlaq,2,-,-,-,-,-,-,-,-,-,-,-,0,0,2021/2022,Islamabad United
75,Mujeeb Ur Rahman,4,4,16,0,137,2,25-Jan,68.5,8.56,48,0,0,1,0,2020/2021,Peshawar Zalmi
75,Rohail Nazir,2,-,-,-,-,-,-,-,-,-,-,-,0,0,2019/2020,Multan Sultans
75,KA Pollard,13,12,28.4,0,229,5,10-Jan,45.8,7.98,34.4,0,0,10,0,2018/2019,Peshawar Zalmi
75,AD Russell,4,3,10,0,89,4,Feb-30,22.25,8.9,15,0,0,1,0,2017/2018,Islamabad United
75,Tamim Iqbal,6,-,-,-,-,-,-,-,-,-,-,-,2,0,2016/2017,Peshawar Zalmi
75,Tamim Iqbal,6,-,-,-,-,-,-,-,-,-,-,-,2,0,2015/2016,Peshawar Zalmi
76,Muhammad Musa,2,1,2,0,33,0,-,-,16.5,-,0,0,1,0,2021/2022,Islamabad United
76,C Munro,7,-,-,-,-,-,-,-,-,-,-,-,0,0,2020/2021,Islamabad United
76,L Ronchi,8,-,-,-,-,-,-,-,-,-,-,-,5,2,2019/2020,Islamabad United
76,Rahat Ali,7,7,23.5,0,176,10,29-Apr,17.6,7.38,14.3,1,0,1,0,2018/2019,Lahore Qalandars
76,Saad Nasim,5,-,-,-,-,-,-,-,-,-,-,-,1,0,2017/2018,Peshawar Zalmi
76,RN ten Doeschate,1,-,-,-,-,-,-,-,-,-,-,-,0,0,2016/2017,Karachi Kings
76,RN ten Doeschate,1,-,-,-,-,-,-,-,-,-,-,-,0,0,2015/2016,Karachi Kings
77,C Munro,3,-,-,-,-,-,-,-,-,-,-,-,2,0,2021/2022,Islamabad United
77,B Muzarabani,6,6,18.4,0,144,10,31-Mar,14.4,7.71,11.2,0,0,1,0,2020/2021,Multan Sultans
77,RR Rossouw,9,-,-,-,-,-,-,-,-,-,-,-,3,0,2019/2020,Multan Sultans
77,Rizwan Hussain,4,-,-,-,-,-,-,-,-,-,-,-,2,0,2018/2019,Islamabad United
77,Sabbir Rahman,2,-,-,-,-,-,-,-,-,-,-,-,3,0,2017/2018,Peshawar Zalmi
77,Umar Akmal,7,-,-,-,-,-,-,-,-,-,-,-,7,0,2016/2017,Lahore Qalandars
77,Umar Akmal,7,-,-,-,-,-,-,-,-,-,-,-,7,0,2015/2016,Lahore Qalandars
78,B Muzarabani,4,4,16,0,129,5,18-Mar,25.8,8.06,19.2,0,0,0,0,2021/2022,Multan Sultans
78,Najibullah Zadran,5,-,-,-,-,-,-,-,-,-,-,-,0,0,2020/2021,Karachi Kings
78,JJ Roy,8,-,-,-,-,-,-,-,-,-,-,-,6,0,2019/2020,Quetta Gladiators
78,L Ronchi,12,-,-,-,-,-,-,-,-,-,-,-,10,1,2018/2019,Islamabad United
78,Sahibzada Farhan,6,-,-,-,-,-,-,-,-,-,-,-,3,0,2017/2018,Islamabad United
78,Umar Amin,2,-,-,-,-,-,-,-,-,-,-,-,0,0,2016/2017,Islamabad United
78,Umar Amin,2,-,-,-,-,-,-,-,-,-,-,-,0,0,2015/2016,Islamabad United
79,Naseem Shah,10,10,38.1,0,306,14,20-May,21.85,8.01,16.3,1,1,2,0,2021/2022,Quetta Gladiators
79,Naseem Shah,4,4,8,0,89,0,-,-,11.12,-,0,0,1,0,2020/2021,Quetta Gladiators
79,Rumman Raees,6,6,17.1,0,153,6,29-Mar,25.5,8.91,17.1,0,0,1,0,2019/2020,Islamabad United
79,RR Rossouw,12,2,1.4,0,9,1,3-Jan,9,5.4,10,0,0,6,0,2018/2019,Quetta Gladiators
79,Saif Badar,10,1,2,0,15,1,15-Jan,15,7.5,12,0,0,1,0,2017/2018,Multan Sultans
79,Umar Gul,6,6,21,0,179,4,19-Feb,44.75,8.52,31.5,0,0,1,0,2016/2017,Quetta Gladiators
79,Umar Gul,6,6,21,0,179,4,19-Feb,44.75,8.52,31.5,0,0,1,0,2015/2016,Quetta Gladiators
80,Nasir Nawaz,1,-,-,-,-,-,-,-,-,-,-,-,1,0,2021/2022,Islamabad United
80,Noor Ahmad,4,4,15,0,113,4,19-Feb,28.25,7.53,22.5,0,0,0,0,2020/2021,Karachi Kings
80,SE Rutherford,2,-,-,-,-,-,-,-,-,-,-,-,2,0,2019/2020,Karachi Kings
80,Rumman Raees,8,8,30.2,0,272,8,27-Mar,34,8.96,22.7,0,0,2,0,2018/2019,Islamabad United
80,Salman Irshad,3,3,5,0,60,1,19-Jan,60,12,30,0,0,0,0,2017/2018,Lahore Qalandars
80,Usama Mir,7,7,25,0,195,6,27-Feb,32.5,7.8,25,0,0,1,0,2016/2017,Karachi Kings
80,Usama Mir,7,7,25,0,195,6,27-Feb,32.5,7.8,25,0,0,1,0,2015/2016,Karachi Kings
81,Noor Ahmad,4,4,16,0,138,2,24-Jan,69,8.62,48,0,0,1,0,2021/2022,Quetta Gladiators
81,SR Patel,4,2,5,0,53,2,26-Jan,26.5,10.6,15,0,0,1,0,2020/2021,Lahore Qalandars
81,Salman Butt,1,-,-,-,-,-,-,-,-,-,-,-,0,0,2019/2020,Lahore Qalandars
81,AD Russell,4,4,11,0,118,1,25-Jan,118,10.72,66,0,0,2,0,2018/2019,Multan Sultans
81,Sameen Gul,8,8,28,0,204,6,21-Feb,34,7.28,28,0,0,1,0,2017/2018,Peshawar Zalmi
81,JM Vince,7,-,-,-,-,-,-,-,-,-,-,-,3,0,2016/2017,Karachi Kings
81,JM Vince,7,-,-,-,-,-,-,-,-,-,-,-,3,0,2015/2016,Karachi Kings
82,SR Patel,5,5,12,0,101,1,31-Jan,101,8.41,72,0,0,0,0,2021/2022,Lahore Qalandars
82,NLTC Perera,3,3,7,0,56,4,10-Feb,14,8,10.5,0,0,0,0,2020/2021,Karachi Kings
82,Salman Irshad,5,5,13,0,143,7,30-Apr,20.42,11,11.1,1,0,0,0,2019/2020,Lahore Qalandars
82,Saad Ali,1,-,-,-,-,-,-,-,-,-,-,-,0,0,2018/2019,Lahore Qalandars
82,DJG Sammy,11,3,4.4,0,52,2,21-Feb,26,11.14,14,0,0,5,0,2017/2018,Peshawar Zalmi
82,Wahab Riaz,9,9,34.2,0,245,15,17-Mar,16.33,7.13,13.7,0,0,1,0,2016/2017,Peshawar Zalmi
82,Wahab Riaz,9,9,34.2,0,245,15,17-Mar,16.33,7.13,13.7,0,0,1,0,2015/2016,Peshawar Zalmi
83,Qasim Akram,5,2,2,0,18,1,7-Jan,18,9,12,0,0,4,0,2021/2022,Karachi Kings
83,R Powell,8,1,1,0,8,0,-,-,8,-,0,0,3,0,2020/2021,Peshawar Zalmi
83,PD Salt,1,-,-,-,-,-,-,-,-,-,-,-,1,0,2019/2020,Islamabad United
83,Sahibzada Farhan,3,-,-,-,-,-,-,-,-,-,-,-,2,0,2018/2019,Islamabad United
83,KC Sangakkara,10,-,-,-,-,-,-,-,-,-,-,-,9,1,2017/2018,Multan Sultans
83,SR Watson,6,6,14,0,117,1,Jan-37,117,8.35,84,0,0,2,0,2016/2017,Islamabad United
83,SR Watson,6,6,14,0,117,1,Jan-37,117,8.35,84,0,0,2,0,2015/2016,Islamabad United
84,Rahmanullah Gurbaz,6,-,-,-,-,-,-,-,-,-,-,-,4,0,2021/2022,Islamabad United
84,Qais Ahmad,2,2,7,0,64,3,21-Mar,21.33,9.14,14,0,0,0,0,2020/2021,Quetta Gladiators
84,DJG Sammy,4,1,1,0,9,1,9-Jan,9,9,6,0,0,0,0,2019/2020,Peshawar Zalmi
84,Salman Butt,2,-,-,-,-,-,-,-,-,-,-,-,0,0,2018/2019,Lahore Qalandars
84,Sarfraz Ahmed,11,1,0.4,0,6,0,-,-,9,-,0,0,7,2,2017/2018,Quetta Gladiators
84,MH Wessels,2,-,-,-,-,-,-,-,-,-,-,-,1,0,2016/2017,Karachi Kings
84,MH Wessels,2,-,-,-,-,-,-,-,-,-,-,-,1,0,2015/2016,Karachi Kings
85,Rashid Khan,9,9,36,0,225,13,17-Apr,17.3,6.25,16.6,1,0,1,0,2021/2022,Lahore Qalandars
85,Qasim Akram,1,1,4,0,34,0,-,-,8.5,-,0,0,0,0,2020/2021,Karachi Kings
85,Sarfaraz Ahmed,9,-,-,-,-,-,-,-,-,-,-,-,6,1,2019/2020,Quetta Gladiators
85,PD Salt,6,-,-,-,-,-,-,-,-,-,-,-,2,0,2018/2019,Islamabad United
85,Shadab Khan,12,12,44.1,0,289,9,25-Mar,32.11,6.54,29.4,0,0,2,0,2017/2018,Islamabad United
85,LJ Wright,6,-,-,-,-,-,-,-,-,-,-,-,1,0,2016/2017,Quetta Gladiators
85,LJ Wright,6,-,-,-,-,-,-,-,-,-,-,-,1,0,2015/2016,Quetta Gladiators
86,Rohail Nazir,3,-,-,-,-,-,-,-,-,-,-,-,0,0,2021/2022,Karachi Kings
86,Rahmanullah Gurbaz,1,-,-,-,-,-,-,-,-,-,-,-,1,0,2020/2021,Multan Sultans
86,Shadab Khan,9,9,28.3,0,235,8,14-Feb,29.37,8.24,21.3,0,0,4,0,2019/2020,Islamabad United
86,Sameen Gul,7,7,27,0,255,10,29-Mar,25.5,9.44,16.2,0,0,0,0,2018/2019,Peshawar Zalmi
86,Shaheen Shah Afridi,7,7,23.4,1,197,7,4-May,28.14,8.32,20.2,0,1,1,0,2017/2018,Lahore Qalandars
86,Zafar Gohar,6,5,12.2,0,102,7,14-Apr,14.57,8.27,10.5,1,0,1,0,2016/2017,Lahore Qalandars
86,Zafar Gohar,6,5,12.2,0,102,7,14-Apr,14.57,8.27,10.5,1,0,1,0,2015/2016,Lahore Qalandars
87,RR Rossouw,11,-,-,-,-,-,-,-,-,-,-,-,4,0,2021/2022,Multan Sultans
87,Rashid Khan,8,8,32,1,175,11,20-May,15.9,5.46,17.4,0,1,2,0,2020/2021,Lahore Qalandars
87,Shaheen Shah Afridi,12,12,46.4,0,332,17,18-Apr,19.52,7.11,16.4,1,0,2,0,2019/2020,Lahore Qalandars
87,DJG Sammy,13,-,-,-,-,-,-,-,-,-,-,-,4,0,2018/2019,Peshawar Zalmi
87,Shahid Afridi,9,9,33,2,208,13,18-Mar,16,6.3,15.2,0,0,3,0,2017/2018,Karachi Kings
87,Zia-ul-Haq,3,3,8,0,69,3,Feb-38,23,8.62,16,0,0,0,0,2016/2017,Lahore Qalandars
87,Zia-ul-Haq,3,3,8,0,69,3,Feb-38,23,8.62,16,0,0,0,0,2015/2016,Lahore Qalandars
88,JJ Roy,6,-,-,-,-,-,-,-,-,-,-,-,1,0,2021/2022,Quetta Gladiators
88,Rohail Nazir,4,-,-,-,-,-,-,-,-,-,-,-,3,1,2020/2021,Islamabad United
88,Shahid Afridi,9,8,23,0,178,7,18-Feb,25.42,7.73,19.7,0,0,4,0,2019/2020,Multan Sultans
88,Sarfaraz Ahmed,12,-,-,-,-,-,-,-,-,-,-,-,6,2,2018/2019,Quetta Gladiators
88,Shoaib Malik,10,6,10,0,86,3,6-Jan,28.66,8.6,20,0,0,3,0,2017/2018,Multan Sultans
88,Zohaib Khan,7,7,22,0,183,3,Feb-35,61,8.31,44,0,0,1,0,2016/2017,Lahore Qalandars
88,Zohaib Khan,7,7,22,0,183,3,Feb-35,61,8.31,44,0,0,1,0,2015/2016,Lahore Qalandars
89,Rumman Raees,6,6,17,0,160,3,15-Jan,53.33,9.41,34,0,0,1,0,2021/2022,Multan Sultans
89,RR Rossouw,12,-,-,-,-,-,-,-,-,-,-,-,4,0,2020/2021,Multan Sultans
89,Shan Masood,11,-,-,-,-,-,-,-,-,-,-,-,7,0,2019/2020,Multan Sultans
89,Shadab Khan,12,12,47,0,347,11,20-Feb,31.54,7.38,25.6,0,0,5,0,2018/2019,Islamabad United
89,LMP Simmons,2,-,-,-,-,-,-,-,-,-,-,-,2,0,2017/2018,Karachi Kings
89,Zulfiqar Babar,10,10,40,1,289,9,Feb-29,32.11,7.22,26.6,0,0,5,0,2016/2017,Quetta Gladiators
89,Zulfiqar Babar,10,10,40,1,289,9,Feb-29,32.11,7.22,26.6,0,0,5,0,2015/2016,Quetta Gladiators
90,SE Rutherford,9,-,-,-,-,-,-,-,-,-,-,-,2,0,2021/2022,Peshawar Zalmi
90,AD Russell,1,-,-,-,-,-,-,-,-,-,-,-,0,0,2020/2021,Quetta Gladiators
90,Sharjeel Khan,12,-,-,-,-,-,-,-,-,-,-,-,0,0,2019/2020,Karachi Kings
90,Shaheen Shah Afridi,8,8,28.1,1,239,10,17-Mar,23.9,8.48,16.9,0,0,0,0,2018/2019,Lahore Qalandars
90,DR Smith,10,3,1.4,0,20,0,-,-,12,-,0,0,2,0,2017/2018,Peshawar Zalmi
91,Sahibzada Farhan,5,-,-,-,-,-,-,-,-,-,-,-,2,0,2021/2022,Karachi Kings
91,SE Rutherford,13,-,-,-,-,-,-,-,-,-,-,-,2,0,2020/2021,Peshawar Zalmi
91,Shoaib Malik,9,5,11,0,88,0,-,-,8,-,0,0,3,0,2019/2020,Peshawar Zalmi
91,Shahid Afridi,8,8,25.4,0,173,10,18-Feb,17.3,6.74,15.4,0,0,2,0,2018/2019,Multan Sultans
91,Sohaib Maqsood,10,-,-,-,-,-,-,-,-,-,-,-,4,0,2017/2018,Multan Sultans
92,Salman Irshad,8,8,32,0,264,15,29-Mar,17.6,8.25,12.8,0,0,0,0,2021/2022,Peshawar Zalmi
92,Saim Ayub,7,-,-,-,-,-,-,-,-,-,-,-,1,0,2020/2021,Quetta Gladiators
92,Sohaib Maqsood,1,-,-,-,-,-,-,-,-,-,-,-,0,0,2019/2020,Peshawar Zalmi
92,Shakeel Ansar,1,-,-,-,-,-,-,-,-,-,-,-,0,0,2018/2019,Multan Sultans
92,Sohail Akhtar,9,-,-,-,-,-,-,-,-,-,-,-,2,0,2017/2018,Lahore Qalandars
93,PD Salt,9,-,-,-,-,-,-,-,-,-,-,-,3,3,2021/2022,Lahore Qalandars
93,Salman Mirza,2,2,6,0,62,2,Feb-35,31,10.33,18,0,0,0,0,2020/2021,Lahore Qalandars
93,Sohail Akhtar,13,-,-,-,-,-,-,-,-,-,-,-,7,0,2019/2020,Lahore Qalandars
93,Shan Masood,4,-,-,-,-,-,-,-,-,-,-,-,3,0,2018/2019,Multan Sultans
93,Sohail Khan,7,7,25.4,0,226,8,Mar-34,28.25,8.8,19.2,0,0,1,0,2017/2018,Lahore Qalandars
94,Sameen Gul,1,1,4,0,41,2,Feb-41,20.5,10.25,12,0,0,1,0,2021/2022,Peshawar Zalmi
94,PD Salt,3,-,-,-,-,-,-,-,-,-,-,-,3,0,2020/2021,Islamabad United
94,Sohail Khan,8,7,25.1,0,235,7,21-Feb,33.57,9.33,21.5,0,0,1,0,2019/2020,Quetta Gladiators
94,Shoaib Malik,10,4,13,0,76,0,-,-,5.84,-,0,0,1,0,2018/2019,Multan Sultans
94,Sohail Tanvir,10,9,32.4,0,250,7,14-Mar,35.71,7.65,28,0,0,2,0,2017/2018,Multan Sultans
95,Sarfaraz Ahmed,10,-,-,-,-,-,-,-,-,-,-,-,4,0,2021/2022,Quetta Gladiators
95,Sameen Gul,3,3,11,0,95,5,13-Feb,19,8.63,13.2,0,0,0,0,2020/2021,Peshawar Zalmi
95,Sohail Tanvir,10,9,30.3,1,230,14,13-Apr,16.42,7.54,13,1,0,3,0,2019/2020,Multan Sultans
95,Sikandar Raza,3,2,6,1,32,3,23-Feb,10.66,5.33,12,0,0,2,0,2018/2019,Karachi Kings
95,Tamim Iqbal,6,-,-,-,-,-,-,-,-,-,-,-,1,0,2017/2018,Peshawar Zalmi
96,Shadab Khan,9,8,32,0,207,19,28-May,10.89,6.46,10.1,2,1,5,0,2021/2022,Islamabad United
96,Sarfaraz Ahmed,10,-,-,-,-,-,-,-,-,-,-,-,4,0,2020/2021,Quetta Gladiators
96,DW Steyn,4,4,11,1,84,2,18-Jan,42,7.63,33,0,0,0,0,2019/2020,Islamabad United
96,DR Smith,5,1,0.2,0,6,0,-,-,18,-,0,0,1,0,2018/2019,Quetta Gladiators
96,Umaid Asif,12,12,46,0,323,13,23-Apr,24.84,7.02,21.2,1,0,2,0,2017/2018,Peshawar Zalmi
97,Shaheen Shah Afridi,13,13,52,0,394,20,30-Mar,19.7,7.57,15.6,0,0,7,0,2021/2022,Lahore Qalandars
97,Shadab Khan,11,11,39,0,325,9,14-Feb,36.11,8.33,26,0,0,3,0,2020/2021,Islamabad United
97,Tamim Iqbal,3,-,-,-,-,-,-,-,-,-,-,-,0,0,2019/2020,Lahore Qalandars
97,Sohaib Maqsood,5,1,1,0,8,0,-,-,8,-,0,0,1,0,2018/2019,Peshawar Zalmi
97,Umar Akmal,5,-,-,-,-,-,-,-,-,-,-,-,4,0,2017/2018,Lahore Qalandars
98,Shahid Afridi,3,3,11,0,119,3,27-Feb,39.66,10.81,22,0,0,0,0,2021/2022,Quetta Gladiators
98,Shaheen Shah Afridi,10,10,40,1,292,16,14-Mar,18.25,7.3,15,0,0,3,0,2020/2021,Lahore Qalandars
98,Umaid Asif,7,7,25,0,193,8,18-Feb,24.12,7.72,18.7,0,0,2,0,2019/2020,Karachi Kings
98,Sohail Akhtar,10,1,0.1,0,0,0,-,-,0,-,0,0,2,0,2018/2019,Lahore Qalandars
98,Umar Amin,6,-,-,-,-,-,-,-,-,-,-,-,2,0,2017/2018,Quetta Gladiators
99,Shahnawaz Dahani,11,11,36,0,336,17,19-Mar,19.76,9.33,12.7,0,0,7,0,2021/2022,Multan Sultans
99,Shahid Afridi,4,4,15,0,135,2,24-Feb,67.5,9,45,0,0,2,0,2020/2021,Multan Sultans
99,Umar Amin,1,-,-,-,-,-,-,-,-,-,-,-,2,0,2019/2020,Peshawar Zalmi
99,Sohail Khan,5,5,18,0,192,2,Feb-57,96,10.66,54,0,0,1,0,2018/2019,Karachi Kings
99,Umar Gul,2,2,8,0,50,8,24-Jun,6.25,6.25,6,0,1,0,0,2017/2018,Multan Sultans
100,Shan Masood,12,-,-,-,-,-,-,-,-,-,-,-,7,0,2021/2022,Multan Sultans
100,Shahnawaz Dahani,11,11,40.2,1,340,20,5-Apr,17,8.42,12.1,2,0,2,0,2020/2021,Multan Sultans
100,Umer Khan,6,5,17,0,155,4,22-Jan,38.75,9.11,25.5,0,0,0,0,2019/2020,Karachi Kings
100,Sohail Tanvir,12,12,47,1,326,15,21-Apr,21.73,6.93,18.8,1,0,5,0,2018/2019,Quetta Gladiators
100,Usama Mir,2,2,5,0,63,0,-,-,12.6,-,0,0,0,0,2017/2018,Karachi Kings
101,Sharjeel Khan,10,-,-,-,-,-,-,-,-,-,-,-,2,0,2021/2022,Karachi Kings
101,Shan Masood,7,-,-,-,-,-,-,-,-,-,-,-,2,0,2020/2021,Multan Sultans
101,Usama Mir,3,3,8,0,71,0,-,-,8.87,-,0,0,3,0,2019/2020,Karachi Kings
101,AW Summers,2,2,8,0,62,0,-,-,7.75,-,0,0,1,0,2018/2019,Karachi Kings
101,Usman Shinwari,10,9,32.1,0,258,16,17-Apr,16.12,8.02,12,1,0,2,0,2017/2018,Karachi Kings
102,Shoaib Malik,11,7,11,0,72,3,2-Jan,24,6.54,22,0,0,5,0,2021/2022,Peshawar Zalmi
102,Sharjeel Khan,11,-,-,-,-,-,-,-,-,-,-,-,1,0,2020/2021,Karachi Kings
102,Usman Qadir,1,1,4,0,24,1,24-Jan,24,6,24,0,0,0,0,2019/2020,Multan Sultans
102,BRM Taylor,4,-,-,-,-,-,-,-,-,-,-,-,0,0,2018/2019,Lahore Qalandars
102,GC Viljoen,2,2,8,0,73,3,Feb-49,24.33,9.12,16,0,0,2,0,2017/2018,Multan Sultans
103,WCF Smeed,6,-,-,-,-,-,-,-,-,-,-,-,4,0,2021/2022,Quetta Gladiators
103,Shoaib Malik,13,5,9,0,71,1,14-Jan,71,7.88,54,0,0,6,0,2020/2021,Peshawar Zalmi
103,Usman Shinwari,4,4,12.5,0,147,0,-,-,11.45,-,0,0,0,0,2019/2020,Lahore Qalandars
103,RN ten Doeschate,1,1,1.4,0,9,1,9-Jan,9,5.4,10,0,0,0,0,2018/2019,Lahore Qalandars
103,Wahab Riaz,13,13,49.5,0,344,18,30-Mar,19.11,6.9,16.6,0,0,4,0,2017/2018,Peshawar Zalmi
104,Sohaib Maqsood,7,-,-,-,-,-,-,-,-,-,-,-,1,0,2021/2022,Multan Sultans
104,Sohaibullah,1,1,3,0,26,0,-,-,8.66,-,0,0,0,0,2020/2021,Multan Sultans
104,DJ Vilas,5,-,-,-,-,-,-,-,-,-,-,-,4,1,2019/2020,Lahore Qalandars
104,Umaid Asif,8,8,30,0,264,7,23-Jan,37.71,8.8,25.7,0,0,1,0,2018/2019,Peshawar Zalmi
104,CAK Walton,5,-,-,-,-,-,-,-,-,-,-,-,3,0,2017/2018,Islamabad United
105,Sohail Akhtar,2,-,-,-,-,-,-,-,-,-,-,-,0,0,2021/2022,Lahore Qalandars
105,Sohaib Maqsood,12,-,-,-,-,-,-,-,-,-,-,-,3,0,2020/2021,Multan Sultans
105,GC Viljoen,1,1,2,0,23,0,-,-,11.5,-,0,0,1,0,2019/2020,Peshawar Zalmi
105,Umair Masood,1,-,-,-,-,-,-,-,-,-,-,-,0,0,2018/2019,Lahore Qalandars
105,SR Watson,10,10,36,0,276,11,22-Mar,25.09,7.66,19.6,0,0,2,0,2017/2018,Quetta Gladiators
106,Sohail Khan,2,2,7,0,96,0,-,-,13.71,-,0,0,0,0,2021/2022,Peshawar Zalmi
106,Sohail Akhtar,10,-,-,-,-,-,-,-,-,-,-,-,5,0,2020/2021,Lahore Qalandars
106,JM Vince,5,-,-,-,-,-,-,-,-,-,-,-,6,0,2019/2020,Multan Sultans
106,Umar Akmal,12,-,-,-,-,-,-,-,-,-,-,-,4,0,2018/2019,Quetta Gladiators
106,MH Wessels,4,-,-,-,-,-,-,-,-,-,-,-,0,0,2017/2018,Peshawar Zalmi
107,Sohail Tanvir,7,7,26,0,258,2,Feb-29,129,9.92,78,0,0,2,0,2021/2022,Quetta Gladiators
107,Sohail Khan,5,5,19.5,0,174,2,Jan-33,87,8.77,59.5,0,0,0,0,2020/2021,Multan Sultans
107,Wahab Riaz,10,10,35.5,0,292,11,21-Mar,26.54,8.14,19.5,0,0,2,0,2019/2020,Peshawar Zalmi
107,Umar Amin,11,-,-,-,-,-,-,-,-,-,-,-,4,0,2018/2019,Peshawar Zalmi
107,RA Whiteley,3,1,3,0,45,0,-,-,15,-,0,0,1,0,2017/2018,Multan Sultans
108,PR Stirling,6,-,-,-,-,-,-,-,-,-,-,-,1,0,2021/2022,Islamabad United
108,Sohail Tanvir,8,8,29,0,240,5,17-Mar,48,8.27,34.8,0,0,3,0,2020/2021,Multan Sultans
108,CAK Walton,12,-,-,-,-,-,-,-,-,-,-,-,10,0,2019/2020,Karachi Kings
108,Umar Siddiq,7,-,-,-,-,-,-,-,-,-,-,-,4,1,2018/2019,Multan Sultans
108,D Wiese,1,1,3,0,33,0,-,-,11,-,0,0,0,0,2017/2018,Karachi Kings
109,JA Thompson,2,1,2,0,22,1,22-Jan,22,11,12,0,0,0,0,2021/2022,Karachi Kings
109,DW Steyn,3,3,10.4,0,98,4,Feb-44,24.5,9.18,16,0,0,0,0,2020/2021,Quetta Gladiators
109,Waqas Maqsood,3,3,12,0,63,6,18-Feb,10.5,5.25,12,0,0,1,0,2019/2020,Karachi Kings
109,Umer Khan,11,10,34,0,242,15,22-Mar,16.13,7.11,13.6,0,0,3,0,2018/2019,Karachi Kings
109,Yasir Shah,10,10,38,0,275,11,20-Mar,25,7.23,20.7,0,0,0,0,2017/2018,Lahore Qalandars
110,Umaid Asif,8,8,29.3,0,254,8,Mar-36,31.75,8.61,22.1,0,0,1,0,2021/2022,Karachi Kings
110,PR Stirling,2,-,-,-,-,-,-,-,-,-,-,-,1,0,2020/2021,Islamabad United
110,SR Watson,9,-,-,-,-,-,-,-,-,-,-,-,3,0,2019/2020,Quetta Gladiators
110,Usman Shinwari,9,9,31,0,302,13,15-Apr,23.23,9.74,14.3,1,0,1,0,2018/2019,Karachi Kings
110,Zafar Gohar,2,2,7,0,46,3,25-Mar,15.33,6.57,14,0,0,0,0,2017/2018,Islamabad United
111,Umar Akmal,5,-,-,-,-,-,-,-,-,-,-,-,2,0,2021/2022,Quetta Gladiators
111,Umaid Asif,9,9,31.3,0,306,8,17-Feb,38.25,9.71,23.6,0,0,4,0,2020/2021,Peshawar Zalmi
111,D Wiese,11,10,30,0,252,12,27-Mar,21,8.4,15,0,0,6,0,2019/2020,Lahore Qalandars
111,GC Viljoen,2,2,5,0,43,1,30-Jan,43,8.6,30,0,0,1,0,2018/2019,Lahore Qalandars
112,Usman Qadir,7,7,23,0,233,8,25-Mar,29.12,10.13,17.2,0,0,0,0,2021/2022,Peshawar Zalmi
112,Umar Amin,1,-,-,-,-,-,-,-,-,-,-,-,0,0,2020/2021,Islamabad United
112,Yasir Shah,4,4,12,0,112,3,28-Feb,37.33,9.33,24,0,0,2,0,2019/2020,Peshawar Zalmi
112,JM Vince,8,-,-,-,-,-,-,-,-,-,-,-,3,0,2018/2019,Multan Sultans
113,Usman Shinwari,3,3,12,0,83,2,28-Jan,41.5,6.91,36,0,0,0,0,2021/2022,Karachi Kings
113,Usman Khan,6,-,-,-,-,-,-,-,-,-,-,-,3,0,2020/2021,Quetta Gladiators
113,Zafar Gohar,3,3,10,0,62,5,31-Mar,12.4,6.2,12,0,0,1,0,2019/2020,Islamabad United
113,Wahab Riaz,13,13,49.5,0,338,17,17-Mar,19.88,6.78,17.5,0,0,5,0,2018/2019,Peshawar Zalmi
114,JM Vince,6,-,-,-,-,-,-,-,-,-,-,-,2,0,2021/2022,Quetta Gladiators
114,Usman Qadir,4,4,15,0,108,4,22-Feb,27,7.2,22.5,0,0,1,0,2020/2021,Multan Sultans
114,Zahid Mahmood,1,1,2.5,0,26,0,-,-,9.17,-,0,0,0,0,2019/2020,Quetta Gladiators
114,CAK Walton,4,-,-,-,-,-,-,-,-,-,-,-,1,0,2018/2019,Islamabad United
115,Wahab Riaz,10,10,39,0,349,9,19-Feb,38.77,8.94,26,0,0,4,0,2021/2022,Peshawar Zalmi
115,Usman Shinwari,5,5,18,0,173,5,Mar-32,34.6,9.61,21.6,0,0,0,0,2020/2021,Quetta Gladiators
115,Zeeshan Ashraf,11,-,-,-,-,-,-,-,-,-,-,-,7,1,2019/2020,Multan Sultans
115,Waqas Maqsood,2,2,7.4,0,68,2,25-Jan,34,8.86,23,0,0,0,0,2018/2019,Islamabad United
116,Waqas Maqsood,8,8,30,0,282,12,Apr-35,23.5,9.4,15,1,0,2,0,2021/2022,Islamabad United
116,JM Vince,5,-,-,-,-,-,-,-,-,-,-,-,2,0,2020/2021,Multan Sultans
116,SR Watson,12,1,1,0,10,1,10-Jan,10,10,6,0,0,3,0,2018/2019,Quetta Gladiators
117,D Wiese,13,13,29.1,0,244,9,11-Feb,27.11,8.36,19.4,0,0,4,0,2021/2022,Lahore Qalandars
117,Wahab Riaz,12,12,47,2,422,18,17-Apr,23.44,8.97,15.6,1,0,1,0,2020/2021,Peshawar Zalmi
117,MH Wessels,2,-,-,-,-,-,-,-,-,-,-,-,0,0,2018/2019,Lahore Qalandars
118,DJ Willey,8,8,25.3,0,208,13,22-Mar,16,8.15,11.7,0,0,4,0,2021/2022,Multan Sultans
118,CAK Walton,6,-,-,-,-,-,-,-,-,-,-,-,2,2,2020/2021,Karachi Kings
118,D Wiese,7,7,24,0,204,5,15-Jan,40.8,8.5,28.8,0,0,3,0,2018/2019,Lahore Qalandars
119,L Wood,1,1,4,0,45,1,Jan-45,45,11.25,24,0,0,0,0,2021/2022,Quetta Gladiators
119,Waqar Salamkheil,1,1,3,0,38,0,-,-,12.66,-,0,0,0,0,2020/2021,Peshawar Zalmi
119,Yasir Shah,5,5,17.1,0,136,3,31-Jan,45.33,7.92,34.3,0,0,1,0,2018/2019,Lahore Qalandars
120,Yasir Khan,4,-,-,-,-,-,-,-,-,-,-,-,0,0,2021/2022,Peshawar Zalmi
120,Waqas Maqsood,7,7,20.3,0,192,7,21-Feb,27.42,9.36,17.5,0,0,1,0,2020/2021,Karachi Kings
120,Zafar Gohar,2,2,7,0,58,3,Feb-30,19.33,8.28,14,0,0,0,0,2018/2019,Islamabad United
121,Zafar Gohar,1,1,3,0,21,0,-,-,7,-,0,0,0,0,2021/2022,Islamabad United
121,J Weatherald,5,-,-,-,-,-,-,-,-,-,-,-,1,0,2020/2021,Quetta Gladiators
122,Zahid Mahmood,2,2,7,0,49,1,20-Jan,49,7,42,0,0,0,0,2021/2022,Islamabad United
122,JW Wells,2,-,-,-,-,-,-,-,-,-,-,-,0,0,2020/2021,Peshawar Zalmi
123,Zahir Khan,2,2,7,0,67,2,Jan-32,33.5,9.57,21,0,0,1,0,2021/2022,Islamabad United
123,D Wiese,4,4,11,0,102,2,30-Jan,51,9.27,33,0,0,0,0,2020/2021,Lahore Qalandars
124,Zaman Khan,13,13,46.5,2,387,18,16-Apr,21.5,8.26,15.6,1,0,3,0,2021/2022,Lahore Qalandars
124,JD Wildermuth,2,2,4,0,65,0,-,-,16.25,-,0,0,0,0,2020/2021,Quetta Gladiators
125,Zeeshan Ashraf,2,-,-,-,-,-,-,-,-,-,-,-,0,0,2021/2022,Lahore Qalandars
125,Zafar Gohar,3,3,7,0,100,0,-,-,14.28,-,0,0,1,0,2020/2021,Islamabad United
126,Zeeshan Zameer,2,2,2.3,0,17,1,10-Jan,17,6.8,15,0,0,0,0,2021/2022,Islamabad United
126,Zahid Mahmood,6,6,20,0,217,6,Feb-29,36.16,10.85,20,0,0,0,0,2020/2021,Quetta Gladiators
127,Zahir Khan,2,2,8,0,56,1,25-Jan,56,7,48,0,0,1,0,2020/2021,Quetta Gladiators
128,Zahoor Khan,1,1,1,0,23,0,-,-,23,-,0,0,0,0,2020/2021,Quetta Gladiators
129,Zeeshan Ashraf,3,-,-,-,-,-,-,-,-,-,-,-,0,0,2020/2021,Lahore Qalandars
